Магазин;День;Номер купона;Акция купона;Товар;Чек;Товар_Чек;Цена в чеке;Тип акции;Величина скидки
M003;2021-01-01;A000001;3638616237621EEBA4EF73792BE10EAE;32204;900443454;3638616237621EEBA4EF73792BE10EAE;72;2;2.16
M003;2021-01-01;A000002;3638616237621ECJIO7R77DF8B364EB8;55414;900443454;3638616237621ECJIO7R77DF8B364EB8;23;2;2.3
M003;2021-01-01;A000003;3638616237621EEBA4EF75D65ADA0EB1;55417;900443454;3638616237621EEBA4EF75D65ADA0EB1;985;1;60
M003;2021-01-01;A000004;3638616237621EEBA4EF77DF8B364EB8;70245;900443454;3638616237621EEBA4EF77DF8B364EB8;316;2;63.2
M005;2021-01-01;A000005;005056A75DDC1EEAA9BC2CA7D9AA66EE;7000009745;900498502;005056A75DDC1EEAA9BC2CA7D9AA66EE;97;1;240
M013;2021-01-03;A000006;005056A75DDC1EEAA9BC2CA7D9AA66EE;7000009745;900461404;005056A75DDC1EEAA9BC2CA7D9AA66EE;97;1;240
M007;2021-01-03;A000007;3638616237621EEBA4EF73792BE10EAE;32204;900796341;3638616237621EEBA4EF73792BE10EAE;72;2;2.16
M003;2021-01-04;A000008;005056A75DDC1EEAA9BC2CA7D9AA66EE;7000009745;900541857;005056A75DDC1EEAA9BC2CA7D9AA66EE;97;1;240
M003;2021-01-04;A000009;005056A75DDC1EEAA9BC2CA7D9AA66EE;7000009745;900541857;005056A75DDC1EEAA9BC2CA7D9AA66EE;97;1;240
M012;2021-01-04;A000010;3638616237621EEBA4EF73792BE10EAE;32204;900658343;3638616237621EEBA4EF73792BE10EAE;72;2;2.16
M014;2021-01-07;A000011;005056A75DDC1EEAA9BC2CA7D9AA66EE;7000009745;900591527;005056A75DDC1EEAA9BC2CA7D9AA66EE;97;1;240
M014;2021-01-07;A000012;005056A75DDC1EEAA9BC2CA7D9AA66EE;7000009745;900591527;005056A75DDC1EEAA9BC2CA7D9AA66EE;97;1;240
M004;2021-01-08;A000013;005056A75DDC1EEAA9BC2CA7D9AA66EE;7000009745;900571818;005056A75DDC1EEAA9BC2CA7D9AA66EE;97;1;240
M003;2021-01-09;A000014;005056A75DDC1EEAA9BC2CA7D9AA66EE;7000009745;900497413;005056A75DDC1EEAA9BC2CA7D9AA66EE;97;1;240
M001;2021-01-10;A000015;005056A75DDC1EEAA9BC2CA7D9AA66EE;7000009745;900592845;005056A75DDC1EEAA9BC2CA7D9AA66EE;97;1;240
M005;2021-01-10;A000016;3638616237621EEBA4EF73792BE10EAE;32204;900783126;3638616237621EEBA4EF73792BE10EAE;72;2;2.16
M011;2021-01-12;A000017;005056A75DDC1EEAA9BC2CA7D9AA66EE;7000009745;900644866;005056A75DDC1EEAA9BC2CA7D9AA66EE;97;1;240
M005;2021-01-12;A000018;005056A75DDC1EEAAAB5461946344AFB;95035;900838788;005056A75DDC1EEAAAB5461946344AFB;1516;1;240
M009;2021-01-13;A000019;3638616237621EEBA4EF73792BE10EAE;32204;900796973;3638616237621EEBA4EF73792BE10EAE;72;2;2.16
M010;2021-01-14;A000020;005056A75DDC1EEAA9BC2CA7D9AA66EE;7000009745;900605593;005056A75DDC1EEAA9BC2CA7D9AA66EE;97;1;240
M011;2021-01-14;A000021;005056A75DDC1EEAA9BC2CA7D9AA66EE;7000009745;900728754;005056A75DDC1EEAA9BC2CA7D9AA66EE;97;1;240
M011;2021-01-14;A000022;005056A75DDC1EEAA9BC2CA7D9AA66EE;7000009745;900728754;005056A75DDC1EEAA9BC2CA7D9AA66EE;97;1;240
M004;2021-01-15;A000023;005056A75DDC1EEAA9BC2CA7D9AA66EE;7000009745;900654632;005056A75DDC1EEAA9BC2CA7D9AA66EE;97;1;240
M010;2021-01-16;A000024;005056A75DDC1EEAA9BC2CA7D9AA66EE;7000009745;900731206;005056A75DDC1EEAA9BC2CA7D9AA66EE;97;1;240
M013;2021-01-18;A000025;005056A75DDC1EEAA9BC2CA7D9AA66EE;7000009745;900737789;005056A75DDC1EEAA9BC2CA7D9AA66EE;97;1;240
M002;2021-01-20;A000026;005056A75DDC1EEAA9BC2CA7D9AA66EE;7000009745;900764707;005056A75DDC1EEAA9BC2CA7D9AA66EE;97;1;240
M006;2021-01-21;A000027;005056A75DDC1EEAA9BC2CA7D9AA66EE;7000009745;900776163;005056A75DDC1EEAA9BC2CA7D9AA66EE;97;1;240
M003;2021-01-22;A000028;005056A75DDC1EEAA9BC2CA7D9AA66EE;7000009745;900748945;005056A75DDC1EEAA9BC2CA7D9AA66EE;97;1;240
M003;2021-01-23;A000029;005056A75DDC1EEAA9BC2CA7D9AA66EE;7000009745;900809360;005056A75DDC1EEAA9BC2CA7D9AA66EE;97;1;240
M008;2021-01-24;A000030;3638616237621EEBA4EF73792BE10EAE;32204;900752569;3638616237621EEBA4EF73792BE10EAE;72;2;2.16
M008;2021-01-24;A000031;3638616237621ECJIO7R77DF8B364EB8;55414;900752569;3638616237621ECJIO7R77DF8B364EB8;23;2;2.3
M008;2021-01-24;A000032;3638616237621EEBA4EF84B64BB40F85;55414;900752569;3638616237621EEBA4EF84B64BB40F85;23;1;50
M008;2021-01-24;A000033;3638616237621EEBA4EF75D65ADA0EB1;55417;900752569;3638616237621EEBA4EF75D65ADA0EB1;985;1;60
M008;2021-01-24;A000034;005056A75DDC1EEAAAB458BDA341E971;55480;900752569;005056A75DDC1EEAAAB458BDA341E971;97;1;240
M001;2021-01-24;A000035;005056A75DDC1EEAA9BC2CA7D9AA66EE;7000009745;900795718;005056A75DDC1EEAA9BC2CA7D9AA66EE;97;1;240
M001;2021-01-26;A000036;3638616237621EEBA4EF73792BE10EAE;32204;900820218;3638616237621EEBA4EF73792BE10EAE;72;2;2.16
M001;2021-01-26;A000037;3638616237621EEBA4EF84B64BB40F85;55414;900820218;3638616237621EEBA4EF84B64BB40F85;23;1;50
M001;2021-01-26;A000038;3638616237621EEBA4EF75D65ADA0EB1;55417;900820218;3638616237621EEBA4EF75D65ADA0EB1;985;1;60
M001;2021-01-26;A000039;005056A75DDC1EEAAAB458BDA341E971;55480;900820218;005056A75DDC1EEAAAB458BDA341E971;97;1;240
M004;2021-01-26;A000040;005056A75DDC1EEAA9BC2CA7D9AA66EE;7000009745;900854648;005056A75DDC1EEAA9BC2CA7D9AA66EE;97;1;240
M008;2021-01-28;A000041;005056A75DDC1EEAA9BC2CA7D9AA66EE;7000009745;900795095;005056A75DDC1EEAA9BC2CA7D9AA66EE;97;1;240
M012;2021-01-29;A000042;3638616237621EEBA4EF73792BE10EAE;32204;900896356;3638616237621EEBA4EF73792BE10EAE;72;2;2.16
M012;2021-01-29;A000043;3638616237621ECJIO7R77DF8B364EB8;55414;900896356;3638616237621ECJIO7R77DF8B364EB8;23;2;2.3
M012;2021-01-29;A000044;3638616237621ECJIO7R77DF8B364EB8;55414;900896356;3638616237621ECJIO7R77DF8B364EB8;23;2;2.3
M012;2021-01-29;A000045;3638616237621EEBA4EF75D65ADA0EB1;55417;900896356;3638616237621EEBA4EF75D65ADA0EB1;985;1;60
M003;2021-01-30;A000046;005056A75DDC1EEAA9BC2CA7D9AA66EE;7000009745;900749134;005056A75DDC1EEAA9BC2CA7D9AA66EE;97;1;240
M012;2021-01-31;A000047;005056A75DDC1EEAA9BC2CA7D9AA66EE;7000009745;900929458;005056A75DDC1EEAA9BC2CA7D9AA66EE;97;1;240
M008;2021-02-01;A000048;3638616237621EEBA4EF73792BE10EAE;32204;900910056;3638616237621EEBA4EF73792BE10EAE;72;2;2.16
M001;2021-02-04;A000049;005056A75DDC1EEAA9BC2CA7D9AA66EE;7000009745;900977325;005056A75DDC1EEAA9BC2CA7D9AA66EE;97;1;240
M002;2021-02-05;A000050;005056A75DDC1EEAA9BC2CA7D9AA66EE;7000009745;900991278;005056A75DDC1EEAA9BC2CA7D9AA66EE;97;1;240
M006;2021-02-05;A000051;3638616237621EEBA4EF73792BE10EAE;32204;901000126;3638616237621EEBA4EF73792BE10EAE;72;2;2.16
M006;2021-02-05;A000052;3638616237621EEBA4EF73792BE10EAE;32204;901000126;3638616237621EEBA4EF73792BE10EAE;72;2;2.16
M014;2021-02-08;A000053;005056A75DDC1EEAA9BC2CA7D9AA66EE;7000009745;901008864;005056A75DDC1EEAA9BC2CA7D9AA66EE;97;1;240
M008;2021-02-08;A000054;3638616237621EEBA4EF73792BE10EAE;32204;901018435;3638616237621EEBA4EF73792BE10EAE;72;2;2.16
M008;2021-02-08;A000055;3638616237621ECJIO7R77DF8B364EB8;55414;901018435;3638616237621ECJIO7R77DF8B364EB8;23;2;2.3
M001;2021-02-09;A000056;3638616237621EEBA4EF73792BE10EAE;32204;901014886;3638616237621EEBA4EF73792BE10EAE;72;2;2.16
M001;2021-02-09;A000057;3638616237621ECJIO7R77DF8B364EB8;55414;901014886;3638616237621ECJIO7R77DF8B364EB8;23;2;2.3
M001;2021-02-09;A000058;3638616237621EEBA4EF75D65ADA0EB1;55417;901014886;3638616237621EEBA4EF75D65ADA0EB1;985;1;60
M007;2021-02-09;A000059;005056A75DDC1EEAA9BC2CA7D9AA66EE;7000009745;901053503;005056A75DDC1EEAA9BC2CA7D9AA66EE;97;1;240
M008;2021-02-10;A000060;005056A75DDC1EEAA9BC2CA7D9AA66EE;7000009745;901031998;005056A75DDC1EEAA9BC2CA7D9AA66EE;97;1;240
M003;2021-02-12;A000061;005056A75DDC1EEAA9BC2CA7D9AA66EE;7000009745;901090877;005056A75DDC1EEAA9BC2CA7D9AA66EE;97;1;240
M002;2021-02-13;A000062;005056A75DDC1EEAA9BC2CA7D9AA66EE;7000009745;901101406;005056A75DDC1EEAA9BC2CA7D9AA66EE;97;1;240
M001;2021-02-14;A000063;005056A75DDC1EEAA9BC2CA7D9AA66EE;7000009745;901083005;005056A75DDC1EEAA9BC2CA7D9AA66EE;97;1;240
M004;2021-02-15;A000064;3638616237621EEBA4EF73792BE10EAE;32204;901073865;3638616237621EEBA4EF73792BE10EAE;72;2;2.16
M014;2021-02-16;A000065;005056A75DDC1EEAA9BC2CA7D9AA66EE;7000009745;901095325;005056A75DDC1EEAA9BC2CA7D9AA66EE;97;1;240
M003;2021-02-17;A000066;005056A75DDC1EEAA9BC2CA7D9AA66EE;7000009745;901145225;005056A75DDC1EEAA9BC2CA7D9AA66EE;97;1;240
M006;2021-02-18;A000067;005056A75DDC1EEAA9BC2CA7D9AA66EE;7000009745;901158094;005056A75DDC1EEAA9BC2CA7D9AA66EE;97;1;240
M001;2021-02-19;A000068;005056A75DDC1EEAA9BC2CA7D9AA66EE;7000009745;901169770;005056A75DDC1EEAA9BC2CA7D9AA66EE;97;1;240
M007;2021-02-20;A000069;005056A75DDC1EEAA9BC2CA7D9AA66EE;7000009745;901089332;005056A75DDC1EEAA9BC2CA7D9AA66EE;97;1;240
M013;2021-02-21;A000070;005056A75DDC1EEAA9BC2CA7D9AA66EE;7000009745;900959749;005056A75DDC1EEAA9BC2CA7D9AA66EE;97;1;240
M001;2021-02-22;A000071;005056A75DDC1EEAA9BC2CA7D9AA66EE;7000009745;901205531;005056A75DDC1EEAA9BC2CA7D9AA66EE;97;1;240
M009;2021-02-23;A000072;005056A75DDC1EEAA9BC2CA7D9AA66EE;7000009745;901107340;005056A75DDC1EEAA9BC2CA7D9AA66EE;97;1;240
M009;2021-02-23;A000073;005056A75DDC1EEAA9BC2CA7D9AA66EE;7000009745;901107340;005056A75DDC1EEAA9BC2CA7D9AA66EE;97;1;240
M004;2021-02-23;A000074;3638616237621EEBA4EF73792BE10EAE;32204;901201504;3638616237621EEBA4EF73792BE10EAE;72;2;2.16
M013;2021-02-23;A000075;005056A75DDC1EEAA9BC2CA7D9AA66EE;7000009745;901232578;005056A75DDC1EEAA9BC2CA7D9AA66EE;97;1;240
M002;2021-02-24;A000076;005056A75DDC1EEAA9BC2CA7D9AA66EE;7000009745;901240316;005056A75DDC1EEAA9BC2CA7D9AA66EE;97;1;240
M008;2021-02-24;A000077;005056A75DDC1EEAA9BC2CA7D9AA66EE;7000009745;901241792;005056A75DDC1EEAA9BC2CA7D9AA66EE;97;1;240
M007;2021-02-24;A000078;3638616237621EEBA4EF73792BE10EAE;32204;901295319;3638616237621EEBA4EF73792BE10EAE;72;2;2.16
M010;2021-02-25;A000079;005056A75DDC1EEAA9BC2CA7D9AA66EE;7000009745;901264289;005056A75DDC1EEAA9BC2CA7D9AA66EE;97;1;240
M006;2021-02-26;A000080;005056A75DDC1EEAA9BC2CA7D9AA66EE;7000009745;901166515;005056A75DDC1EEAA9BC2CA7D9AA66EE;97;1;240
M006;2021-02-26;A000081;005056A75DDC1EEAA9BC2CA7D9AA66EE;7000009745;901166515;005056A75DDC1EEAA9BC2CA7D9AA66EE;97;1;240
M003;2021-02-27;A000082;005056A75DDC1EEAA9BC2CA7D9AA66EE;7000009745;901238264;005056A75DDC1EEAA9BC2CA7D9AA66EE;97;1;240
M003;2021-02-27;A000083;3638616237621EEBA4EF73792BE10EAE;32204;901256207;3638616237621EEBA4EF73792BE10EAE;72;2;2.16
M003;2021-01-01;A000084;3638616237621EEBA4EF77DF8B364EB8;70245;906008416;3638616237621EEBA4EF77DF8B364EB8;316;2;63.2
M003;2021-01-01;A000085;3638616237621EEBA4EF73792BE10EAE;32204;906024451;3638616237621EEBA4EF73792BE10EAE;72;2;2.16
M005;2021-01-02;A000086;3638616237621EEBA4EF73792BE10EAE;32204;905928914;3638616237621EEBA4EF73792BE10EAE;72;2;2.16
M011;2021-01-02;A000087;005056A75DDC1EEAA9BC2CA7D9AA66EE;7000009745;905999439;005056A75DDC1EEAA9BC2CA7D9AA66EE;97;1;240
M003;2021-01-02;A000088;005056A75DDC1EEAA9BC2CA7D9AA66EE;7000009745;906078868;005056A75DDC1EEAA9BC2CA7D9AA66EE;97;1;240
M008;2021-01-03;A000089;005056A75DDC1EEAA9BC2CA7D9AA66EE;7000009745;905969741;005056A75DDC1EEAA9BC2CA7D9AA66EE;97;1;240
M003;2021-01-03;A000090;3638616237621EEBA4EF73792BE10EAE;32204;906011878;3638616237621EEBA4EF73792BE10EAE;72;2;2.16
M003;2021-01-03;A000091;005056A75DDC1EEAA9BC2CA7D9AA66EE;7000009745;906193412;005056A75DDC1EEAA9BC2CA7D9AA66EE;97;1;240
M009;2021-01-04;A000092;005056A75DDC1EEAA9BC2CA7D9AA66EE;7000009745;905984525;005056A75DDC1EEAA9BC2CA7D9AA66EE;97;1;240
M008;2021-01-04;A000093;005056A75DDC1EEAA9BC2CA7D9AA66EE;7000009745;906196966;005056A75DDC1EEAA9BC2CA7D9AA66EE;97;1;240
M011;2021-01-05;A000094;005056A75DDC1EEAA9BC2CA7D9AA66EE;7000009745;906208142;005056A75DDC1EEAA9BC2CA7D9AA66EE;97;1;240
M003;2021-01-05;A000095;005056A75DDC1EEAA9BC2CA7D9AA66EE;7000009745;906248943;005056A75DDC1EEAA9BC2CA7D9AA66EE;97;1;240
M004;2021-01-05;A000096;3638616237621EEBA4EF73792BE10EAE;32204;906312401;3638616237621EEBA4EF73792BE10EAE;72;2;2.16
M007;2021-01-06;A000097;005056A75DDC1EEAA9BC2CA7D9AA66EE;7000009745;906169637;005056A75DDC1EEAA9BC2CA7D9AA66EE;97;1;240
M005;2021-01-06;A000098;005056A75DDC1EEAA9BC2CA7D9AA66EE;7000009745;906324588;005056A75DDC1EEAA9BC2CA7D9AA66EE;97;1;240
M005;2021-01-06;A000099;005056A75DDC1EEAA9BC2CA7D9AA66EE;7000009745;906424896;005056A75DDC1EEAA9BC2CA7D9AA66EE;97;1;240
M011;2021-01-07;A000100;005056A75DDC1EEAA9BC2CA7D9AA66EE;7000009745;906229848;005056A75DDC1EEAA9BC2CA7D9AA66EE;97;1;240
M003;2021-01-07;A000101;005056A75DDC1EEAA9BC2CA7D9AA66EE;7000009745;906288475;005056A75DDC1EEAA9BC2CA7D9AA66EE;97;1;240
M010;2021-01-08;A000102;005056A75DDC1EEAA9BC2CA7D9AA66EE;7000009745;906278298;005056A75DDC1EEAA9BC2CA7D9AA66EE;97;1;240
M001;2021-01-08;A000103;005056A75DDC1EEAA9BC2CA7D9AA66EE;7000009745;906451465;005056A75DDC1EEAA9BC2CA7D9AA66EE;97;1;240
M008;2021-01-09;A000104;005056A75DDC1EEAA9BC2CA7D9AA66EE;7000009745;906474097;005056A75DDC1EEAA9BC2CA7D9AA66EE;97;1;240
M013;2021-01-10;A000105;005056A75DDC1EEAA9BC2CA7D9AA66EE;7000009745;906539011;005056A75DDC1EEAA9BC2CA7D9AA66EE;97;1;240
M006;2021-01-11;A000106;005056A75DDC1EEAA9BC2CA7D9AA66EE;7000009745;906464388;005056A75DDC1EEAA9BC2CA7D9AA66EE;97;1;240
M003;2021-01-11;A000107;005056A75DDC1EEAA9BC2CA7D9AA66EE;7000009745;906534008;005056A75DDC1EEAA9BC2CA7D9AA66EE;97;1;240
M003;2021-01-12;A000108;005056A75DDC1EEAA9BC2CA7D9AA66EE;7000009745;906523937;005056A75DDC1EEAA9BC2CA7D9AA66EE;97;1;240
M011;2021-01-13;A000109;005056A75DDC1EEAA9BC2CA7D9AA66EE;7000009745;906518692;005056A75DDC1EEAA9BC2CA7D9AA66EE;97;1;240
M008;2021-01-14;A000110;005056A75DDC1EEAA9BC2CA7D9AA66EE;7000009745;906453947;005056A75DDC1EEAA9BC2CA7D9AA66EE;97;1;240
M003;2021-01-14;A000111;3638616237621EEBA4EF84B64BB40F85;55414;906531909;3638616237621EEBA4EF84B64BB40F85;23;1;50
M003;2021-01-14;A000112;3638616237621ECJIO7R77DF8B364EB8;55414;906531909;3638616237621ECJIO7R77DF8B364EB8;23;2;2.3
M014;2021-01-15;A000113;3638616237621EEBA4EF73792BE10EAE;32204;906617688;3638616237621EEBA4EF73792BE10EAE;72;2;2.16
M014;2021-01-15;A000114;3638616237621EEBA4EF73792BE10EAE;32204;906617688;3638616237621EEBA4EF73792BE10EAE;72;2;2.16
M014;2021-01-15;A000115;3638616237621ECJIO7R77DF8B364EB8;55414;906617688;3638616237621ECJIO7R77DF8B364EB8;23;2;2.3
M014;2021-01-15;A000116;3638616237621EEBA4EF77DF8B364EB8;70245;906617688;3638616237621EEBA4EF77DF8B364EB8;316;2;63.2
M002;2021-01-15;A000117;005056A75DDC1EEAA9BC2CA7D9AA66EE;7000009745;906688701;005056A75DDC1EEAA9BC2CA7D9AA66EE;97;1;240
M003;2021-01-16;A000118;005056A75DDC1EEAA9BC2CA7D9AA66EE;7000009745;906666965;005056A75DDC1EEAA9BC2CA7D9AA66EE;97;1;240
M014;2021-01-17;A000119;005056A75DDC1EEAA9BC2CA7D9AA66EE;7000009745;906434407;005056A75DDC1EEAA9BC2CA7D9AA66EE;97;1;240
M012;2021-01-17;A000120;3638616237621ECJIO7R77DF8B364EB8;55414;906511250;3638616237621ECJIO7R77DF8B364EB8;23;2;2.3
M012;2021-01-17;A000121;3638616237621EEBA4EF84B64BB40F85;55414;906511250;3638616237621EEBA4EF84B64BB40F85;23;1;50
M012;2021-01-17;A000122;3638616237621EEBA4EF75D65ADA0EB1;55417;906511250;3638616237621EEBA4EF75D65ADA0EB1;985;1;60
M012;2021-01-17;A000123;3638616237621EEBA4EF75D65ADA0EB1;55417;906511250;3638616237621EEBA4EF75D65ADA0EB1;985;1;60
M012;2021-01-17;A000124;3638616237621EEBA4EF77DF8B364EB8;70245;906511250;3638616237621EEBA4EF77DF8B364EB8;316;2;63.2
M005;2021-01-18;A000125;005056A75DDC1EEAA9BC2CA7D9AA66EE;7000009745;906611736;005056A75DDC1EEAA9BC2CA7D9AA66EE;97;1;240
M006;2021-01-19;A000126;005056A75DDC1EEAA9BC2CA7D9AA66EE;7000009745;906650561;005056A75DDC1EEAA9BC2CA7D9AA66EE;97;1;240
M009;2021-01-20;A000127;005056A75DDC1EEAA9BC2CA7D9AA66EE;7000009745;906631358;005056A75DDC1EEAA9BC2CA7D9AA66EE;97;1;240
M005;2021-01-21;A000128;005056A75DDC1EEAA9BC2CA7D9AA66EE;7000009745;906774544;005056A75DDC1EEAA9BC2CA7D9AA66EE;97;1;240
M005;2021-01-21;A000129;005056A75DDC1EEAA9BC2CA7D9AA66EE;7000009745;906774544;005056A75DDC1EEAA9BC2CA7D9AA66EE;97;1;240
M004;2021-01-22;A000130;005056A75DDC1EEAA9BC2CA7D9AA66EE;7000009745;906812930;005056A75DDC1EEAA9BC2CA7D9AA66EE;97;1;240
M003;2021-01-23;A000131;005056A75DDC1EEAA9BC2CA7D9AA66EE;7000009745;906816789;005056A75DDC1EEAA9BC2CA7D9AA66EE;97;1;240
M008;2021-01-24;A000132;3638616237621EEBA4EF73792BE10EAE;32204;906756045;3638616237621EEBA4EF73792BE10EAE;72;2;2.16
M005;2021-01-24;A000133;005056A75DDC1EEAA9BC2CA7D9AA66EE;7000009745;906872752;005056A75DDC1EEAA9BC2CA7D9AA66EE;97;1;240
M003;2021-01-25;A000134;005056A75DDC1EEAA9BC2CA7D9AA66EE;7000009745;906837841;005056A75DDC1EEAA9BC2CA7D9AA66EE;97;1;240
M013;2021-01-25;A000135;3638616237621EEBA4EF73792BE10EAE;32204;906847320;3638616237621EEBA4EF73792BE10EAE;72;2;2.16
M004;2021-01-25;A000136;005056A75DDC1EEAA9BC2CA7D9AA66EE;7000009745;906879249;005056A75DDC1EEAA9BC2CA7D9AA66EE;97;1;240
M003;2021-01-25;A000137;3638616237621EEBA4EF73792BE10EAE;32204;906954578;3638616237621EEBA4EF73792BE10EAE;72;2;2.16
M008;2021-01-26;A000138;005056A75DDC1EEAA9BC2CA7D9AA66EE;7000009745;906910706;005056A75DDC1EEAA9BC2CA7D9AA66EE;97;1;240
M003;2021-01-27;A000139;005056A75DDC1EEAA9BC2CA7D9AA66EE;7000009745;906844194;005056A75DDC1EEAA9BC2CA7D9AA66EE;97;1;240
M005;2021-01-27;A000140;3638616237621EEBA4EF73792BE10EAE;32204;906897426;3638616237621EEBA4EF73792BE10EAE;72;2;2.16
M003;2021-01-28;A000141;005056A75DDC1EEAA9BC2CA7D9AA66EE;7000009745;906923957;005056A75DDC1EEAA9BC2CA7D9AA66EE;97;1;240
M003;2021-01-28;A000142;005056A75DDC1EEAA9BC2CA7D9AA66EE;7000009745;906923957;005056A75DDC1EEAA9BC2CA7D9AA66EE;97;1;240
M011;2021-01-29;A000143;3638616237621EEBA4EF73792BE10EAE;32204;906973580;3638616237621EEBA4EF73792BE10EAE;72;2;2.16
M012;2021-01-29;A000144;005056A75DDC1EEAA9BC2CA7D9AA66EE;7000009745;906975507;005056A75DDC1EEAA9BC2CA7D9AA66EE;97;1;240
M012;2021-01-30;A000145;005056A75DDC1EEAA9BC2CA7D9AA66EE;7000009745;906981974;005056A75DDC1EEAA9BC2CA7D9AA66EE;97;1;240
M012;2021-01-30;A000146;005056A75DDC1EEAA9BC2CA7D9AA66EE;7000009745;906981974;005056A75DDC1EEAA9BC2CA7D9AA66EE;97;1;240
M015;2021-01-31;A000147;005056A75DDC1EEAA9BC2CA7D9AA66EE;7000009745;906898832;005056A75DDC1EEAA9BC2CA7D9AA66EE;97;1;240
M014;2021-02-01;A000148;3638616237621EEBA4EF73792BE10EAE;32204;906989711;3638616237621EEBA4EF73792BE10EAE;72;2;2.16
M014;2021-02-01;A000149;005056A75DDC1EEAA9BC2CA7D9AA66EE;7000009745;907016560;005056A75DDC1EEAA9BC2CA7D9AA66EE;97;1;240
M008;2021-02-02;A000150;005056A75DDC1EEAA9BC2CA7D9AA66EE;7000009745;906968829;005056A75DDC1EEAA9BC2CA7D9AA66EE;97;1;240
M003;2021-02-02;A000151;3638616237621EEBA4EF73792BE10EAE;32204;907019780;3638616237621EEBA4EF73792BE10EAE;72;2;2.16
M005;2021-02-03;A000152;3638616237621EEBA4EF73792BE10EAE;32204;907043967;3638616237621EEBA4EF73792BE10EAE;72;2;2.16
M011;2021-02-03;A000153;005056A75DDC1EEAA9BC2CA7D9AA66EE;7000009745;907082193;005056A75DDC1EEAA9BC2CA7D9AA66EE;97;1;240
M010;2021-02-04;A000154;005056A75DDC1EEAA9BC2CA7D9AA66EE;7000009745;907085658;005056A75DDC1EEAA9BC2CA7D9AA66EE;97;1;240
M005;2021-02-05;A000155;005056A75DDC1EEAA9BC2CA7D9AA66EE;7000009745;906913523;005056A75DDC1EEAA9BC2CA7D9AA66EE;97;1;240
M001;2021-02-06;A000156;005056A75DDC1EEAA9BC2CA7D9AA66EE;7000009745;907107147;005056A75DDC1EEAA9BC2CA7D9AA66EE;97;1;240
M001;2021-02-06;A000157;005056A75DDC1EEAA9BC2CA7D9AA66EE;7000009745;907107147;005056A75DDC1EEAA9BC2CA7D9AA66EE;97;1;240
M002;2021-02-07;A000158;005056A75DDC1EEAA9BC2CA7D9AA66EE;7000009745;907105534;005056A75DDC1EEAA9BC2CA7D9AA66EE;97;1;240
M004;2021-02-07;A000159;005056A75DDC1EEAA9BC2CA7D9AA66EE;7000009745;907155849;005056A75DDC1EEAA9BC2CA7D9AA66EE;97;1;240
M010;2021-02-07;A000160;3638616237621EEBA4EF73792BE10EAE;32204;907203653;3638616237621EEBA4EF73792BE10EAE;72;2;2.16
M010;2021-02-07;A000161;3638616237621EEBA4EF84B64BB40F85;55414;907203653;3638616237621EEBA4EF84B64BB40F85;23;1;50
M005;2021-02-08;A000162;005056A75DDC1EEAA9BC2CA7D9AA66EE;7000009745;907097708;005056A75DDC1EEAA9BC2CA7D9AA66EE;97;1;240
M008;2021-02-09;A000163;005056A75DDC1EEAA9BC2CA7D9AA66EE;7000009745;907183590;005056A75DDC1EEAA9BC2CA7D9AA66EE;97;1;240
M003;2021-02-10;A000164;005056A75DDC1EEAA9BC2CA7D9AA66EE;7000009745;907086340;005056A75DDC1EEAA9BC2CA7D9AA66EE;97;1;240
M013;2021-02-10;A000165;3638616237621EEBA4EF73792BE10EAE;32204;907116411;3638616237621EEBA4EF73792BE10EAE;72;2;2.16
M001;2021-02-11;A000166;005056A75DDC1EEAA9BC2CA7D9AA66EE;7000009745;907044926;005056A75DDC1EEAA9BC2CA7D9AA66EE;97;1;240
M005;2021-02-12;A000167;005056A75DDC1EEAA9BC2CA7D9AA66EE;7000009745;907243653;005056A75DDC1EEAA9BC2CA7D9AA66EE;97;1;240
M011;2021-02-13;A000168;005056A75DDC1EEAA9BC2CA7D9AA66EE;7000009745;907152320;005056A75DDC1EEAA9BC2CA7D9AA66EE;97;1;240
M005;2021-02-13;A000169;3638616237621EEBA4EF73792BE10EAE;32204;907282263;3638616237621EEBA4EF73792BE10EAE;72;2;2.16
M005;2021-02-13;A000170;3638616237621EEBA4EF84B64BB40F85;55414;907282263;3638616237621EEBA4EF84B64BB40F85;23;1;50
M014;2021-02-14;A000171;005056A75DDC1EEAA9BC2CA7D9AA66EE;7000009745;907271193;005056A75DDC1EEAA9BC2CA7D9AA66EE;97;1;240
M014;2021-02-15;A000172;3638616237621EEBA4EF73792BE10EAE;32204;907157133;3638616237621EEBA4EF73792BE10EAE;72;2;2.16
M013;2021-02-15;A000173;005056A75DDC1EEAA9BC2CA7D9AA66EE;7000009745;907251462;005056A75DDC1EEAA9BC2CA7D9AA66EE;97;1;240
M008;2021-02-16;A000174;005056A75DDC1EEAA9BC2CA7D9AA66EE;7000009745;907292650;005056A75DDC1EEAA9BC2CA7D9AA66EE;97;1;240
M006;2021-02-16;A000175;3638616237621EEBA4EF73792BE10EAE;32204;907320985;3638616237621EEBA4EF73792BE10EAE;72;2;2.16
M002;2021-02-17;A000176;005056A75DDC1EEAA9BC2CA7D9AA66EE;7000009745;907377079;005056A75DDC1EEAA9BC2CA7D9AA66EE;97;1;240
M014;2021-02-18;A000177;005056A75DDC1EEAA9BC2CA7D9AA66EE;7000009745;907355954;005056A75DDC1EEAA9BC2CA7D9AA66EE;97;1;240
M010;2021-02-19;A000178;005056A75DDC1EEAA9BC2CA7D9AA66EE;7000009745;907407695;005056A75DDC1EEAA9BC2CA7D9AA66EE;97;1;240
M003;2021-02-20;A000179;005056A75DDC1EEAA9BC2CA7D9AA66EE;7000009745;907344784;005056A75DDC1EEAA9BC2CA7D9AA66EE;97;1;240
M010;2021-02-21;A000180;005056A75DDC1EEAA9BC2CA7D9AA66EE;7000009745;907399757;005056A75DDC1EEAA9BC2CA7D9AA66EE;97;1;240
M010;2021-02-22;A000181;005056A75DDC1EEAA9BC2CA7D9AA66EE;7000009745;907480282;005056A75DDC1EEAA9BC2CA7D9AA66EE;97;1;240
M013;2021-02-23;A000182;005056A75DDC1EEAA9BC2CA7D9AA66EE;7000009745;907378538;005056A75DDC1EEAA9BC2CA7D9AA66EE;97;1;240
M003;2021-02-24;A000183;005056A75DDC1EEAA9BC2CA7D9AA66EE;7000009745;907459203;005056A75DDC1EEAA9BC2CA7D9AA66EE;97;1;240
M013;2021-02-24;A000184;3638616237621EEBA4EF73792BE10EAE;32204;907502939;3638616237621EEBA4EF73792BE10EAE;72;2;2.16
M013;2021-02-24;A000185;3638616237621EEBA4EF84B64BB40F85;55414;907502939;3638616237621EEBA4EF84B64BB40F85;23;1;50
M013;2021-02-24;A000186;3638616237621EEBA4EF75D65ADA0EB1;55417;907502939;3638616237621EEBA4EF75D65ADA0EB1;985;1;60
M013;2021-02-24;A000187;005056A75DDC1EEAAAB458BDA341E971;55480;907502939;005056A75DDC1EEAAAB458BDA341E971;97;1;240
M013;2021-02-24;A000188;005056A75DDC1EEAAAB458BDA341E971;55480;907502939;005056A75DDC1EEAAAB458BDA341E971;97;1;240
M013;2021-02-24;A000189;3638616237621EEBA4EF77DF8B364EB8;70245;907502939;3638616237621EEBA4EF77DF8B364EB8;316;2;63.2
M007;2021-02-25;A000190;005056A75DDC1EEAA9BC2CA7D9AA66EE;7000009745;907532093;005056A75DDC1EEAA9BC2CA7D9AA66EE;97;1;240
M002;2021-02-26;A000191;005056A75DDC1EEAA9BC2CA7D9AA66EE;7000009745;907552910;005056A75DDC1EEAA9BC2CA7D9AA66EE;97;1;240
M005;2021-02-28;A000192;005056A75DDC1EEAA9BC2CA7D9AA66EE;7000009745;907593709;005056A75DDC1EEAA9BC2CA7D9AA66EE;97;1;240
M009;2021-01-06;A000193;3638616237621EEBA4EF75D65ADA0EB1;55417;900599766;3638616237621EEBA4EF75D65ADA0EB1;985;1;60
M006;2021-01-09;A000194;3638616237621ECJIO7R77DF8B364EB8;55414;900598172;3638616237621ECJIO7R77DF8B364EB8;23;2;2.3
M006;2021-01-09;A000195;3638616237621EEBA4EF75D65ADA0EB1;55417;900598172;3638616237621EEBA4EF75D65ADA0EB1;985;1;60
M006;2021-01-09;A000196;005056A75DDC1EEAAAB5461946344AFB;95035;900598172;005056A75DDC1EEAAAB5461946344AFB;1516;1;240
M003;2021-01-11;A000197;3638616237621EEBA4EF73792BE10EAE;32204;900629232;3638616237621EEBA4EF73792BE10EAE;72;2;2.16
M014;2021-01-12;A000198;3638616237621ECJIO7R77DF8B364EB8;55414;900646942;3638616237621ECJIO7R77DF8B364EB8;23;2;2.3
M014;2021-01-12;A000199;3638616237621EEBA4EF75D65ADA0EB1;55417;900646942;3638616237621EEBA4EF75D65ADA0EB1;985;1;60
M014;2021-01-12;A000200;3638616237621EEBA4EF77DF8B364EB8;70245;900646942;3638616237621EEBA4EF77DF8B364EB8;316;2;63.2
M014;2021-01-12;A000201;005056A75DDC1EEAAAB5461946344AFB;95035;900646942;005056A75DDC1EEAAAB5461946344AFB;1516;1;240
M005;2021-01-16;A000202;3638616237621ECJIO7R77DF8B364EB8;55414;900638884;3638616237621ECJIO7R77DF8B364EB8;23;2;2.3
M005;2021-01-16;A000203;3638616237621EEBA4EF75D65ADA0EB1;55417;900638884;3638616237621EEBA4EF75D65ADA0EB1;985;1;60
M005;2021-01-16;A000204;005056A75DDC1EEAAAB458BDA341E971;55480;900638884;005056A75DDC1EEAAAB458BDA341E971;97;1;240
M013;2021-01-17;A000205;3638616237621EEBA4EF75D65ADA0EB1;55417;900712007;3638616237621EEBA4EF75D65ADA0EB1;985;1;60
M013;2021-01-17;A000206;3638616237621EEBA4EF75D65ADA0EB1;55417;900712007;3638616237621EEBA4EF75D65ADA0EB1;985;1;60
M013;2021-01-17;A000207;3638616237621EEBA4EF77DF8B364EB8;70245;900712007;3638616237621EEBA4EF77DF8B364EB8;316;2;63.2
M013;2021-01-17;A000208;005056A75DDC1EEAAAB5461946344AFB;95035;900712007;005056A75DDC1EEAAAB5461946344AFB;1516;1;240
M005;2021-01-22;A000209;3638616237621EEBA4EF84B64BB40F85;55414;900786537;3638616237621EEBA4EF84B64BB40F85;23;1;50
M005;2021-01-22;A000210;3638616237621EEBA4EF75D65ADA0EB1;55417;900786537;3638616237621EEBA4EF75D65ADA0EB1;985;1;60
M005;2021-01-22;A000211;005056A75DDC1EEAAAB5461946344AFB;95035;900786537;005056A75DDC1EEAAAB5461946344AFB;1516;1;240
M003;2021-02-05;A000212;3638616237621EEBA4EF84B64BB40F85;55414;900971952;3638616237621EEBA4EF84B64BB40F85;23;1;50
M003;2021-02-05;A000213;005056A75DDC1EEAAAB458BDA341E971;55480;900971952;005056A75DDC1EEAAAB458BDA341E971;97;1;240
M003;2021-02-05;A000214;005056A75DDC1EEAAAB458BDA341E971;55480;900971952;005056A75DDC1EEAAAB458BDA341E971;97;1;240
M005;2021-02-07;A000215;3638616237621EEBA4EF84B64BB40F85;55414;901022909;3638616237621EEBA4EF84B64BB40F85;23;1;50
M008;2021-02-09;A000216;3638616237621EEBA4EF84B64BB40F85;55414;900985087;3638616237621EEBA4EF84B64BB40F85;23;1;50
M006;2021-02-10;A000217;3638616237621EEBA4EF75D65ADA0EB1;55417;901044835;3638616237621EEBA4EF75D65ADA0EB1;985;1;60
M006;2021-02-10;A000218;005056A75DDC1EEAAAB458BDA341E971;55480;901044835;005056A75DDC1EEAAAB458BDA341E971;97;1;240
M011;2021-02-13;A000219;005056A75DDC1EEAAAB458BDA341E971;55480;901067859;005056A75DDC1EEAAAB458BDA341E971;97;1;240
M013;2021-02-22;A000220;005056A75DDC1EEAAAB5461946344AFB;95035;901188140;005056A75DDC1EEAAAB5461946344AFB;1516;1;240
M012;2021-02-23;A000221;3638616237621ECJIO7R77DF8B364EB8;55414;901200299;3638616237621ECJIO7R77DF8B364EB8;23;2;2.3
M012;2021-02-23;A000222;3638616237621EEBA4EF77DF8B364EB8;70245;901200299;3638616237621EEBA4EF77DF8B364EB8;316;2;63.2
M003;2021-02-24;A000223;3638616237621ECJIO7R77DF8B364EB8;55414;901120783;3638616237621ECJIO7R77DF8B364EB8;23;2;2.3
M003;2021-02-24;A000224;005056A75DDC1EEAAAB458BDA341E971;55480;901120783;005056A75DDC1EEAAAB458BDA341E971;97;1;240
M003;2021-02-24;A000225;005056A75DDC1EEAAAB5461946344AFB;95035;901120783;005056A75DDC1EEAAAB5461946344AFB;1516;1;240
M007;2021-02-26;A000226;3638616237621EEBA4EF75D65ADA0EB1;55417;901206032;3638616237621EEBA4EF75D65ADA0EB1;985;1;60
M007;2021-02-26;A000227;3638616237621EEBA4EF77DF8B364EB8;70245;901206032;3638616237621EEBA4EF77DF8B364EB8;316;2;63.2
M003;2021-01-01;A000228;3638616237621EEBA4EF77DF8B364EB8;70245;906048879;3638616237621EEBA4EF77DF8B364EB8;316;2;63.2
M003;2021-01-01;A000229;005056A75DDC1EEAAAB5461946344AFB;95035;906048879;005056A75DDC1EEAAAB5461946344AFB;1516;1;240
M006;2021-01-02;A000230;005056A75DDC1EEAA9BC2CA7D9AA66EE;7000009745;906105356;005056A75DDC1EEAA9BC2CA7D9AA66EE;97;1;240
M012;2021-01-02;A000231;005056A75DDC1EEAA9BC2CA7D9AA66EE;7000009745;906112001;005056A75DDC1EEAA9BC2CA7D9AA66EE;97;1;240
M005;2021-01-03;A000232;005056A75DDC1EEAA9BC2CA7D9AA66EE;7000009745;906139255;005056A75DDC1EEAA9BC2CA7D9AA66EE;97;1;240
M007;2021-01-03;A000233;3638616237621EEBA4EF73792BE10EAE;32204;906173157;3638616237621EEBA4EF73792BE10EAE;72;2;2.16
M003;2021-01-03;A000234;005056A75DDC1EEAA9BC2CA7D9AA66EE;7000009745;906174759;005056A75DDC1EEAA9BC2CA7D9AA66EE;97;1;240
M012;2021-01-04;A000235;3638616237621EEBA4EF73792BE10EAE;32204;906026730;3638616237621EEBA4EF73792BE10EAE;72;2;2.16
M010;2021-01-04;A000236;005056A75DDC1EEAA9BC2CA7D9AA66EE;7000009745;906138314;005056A75DDC1EEAA9BC2CA7D9AA66EE;97;1;240
M002;2021-01-04;A000237;3638616237621EEBA4EF73792BE10EAE;32204;906220908;3638616237621EEBA4EF73792BE10EAE;72;2;2.16
M002;2021-01-04;A000238;3638616237621EEBA4EF77DF8B364EB8;70245;906220908;3638616237621EEBA4EF77DF8B364EB8;316;2;63.2
M002;2021-01-04;A000239;005056A75DDC1EEAAAB5461946344AFB;95035;906220908;005056A75DDC1EEAAAB5461946344AFB;1516;1;240
M005;2021-01-05;A000240;005056A75DDC1EEAA9BC2CA7D9AA66EE;7000009745;906055534;005056A75DDC1EEAA9BC2CA7D9AA66EE;97;1;240
M010;2021-01-05;A000241;005056A75DDC1EEAA9BC2CA7D9AA66EE;7000009745;906283119;005056A75DDC1EEAA9BC2CA7D9AA66EE;97;1;240
M002;2021-01-06;A000242;005056A75DDC1EEAA9BC2CA7D9AA66EE;7000009745;906212719;005056A75DDC1EEAA9BC2CA7D9AA66EE;97;1;240
M007;2021-01-06;A000243;3638616237621EEBA4EF84B64BB40F85;55414;906312470;3638616237621EEBA4EF84B64BB40F85;23;1;50
M007;2021-01-06;A000244;3638616237621EEBA4EF84B64BB40F85;55414;906312470;3638616237621EEBA4EF84B64BB40F85;23;1;50
M007;2021-01-06;A000245;3638616237621EEBA4EF75D65ADA0EB1;55417;906312470;3638616237621EEBA4EF75D65ADA0EB1;985;1;60
M007;2021-01-06;A000246;005056A75DDC1EEAAAB458BDA341E971;55480;906312470;005056A75DDC1EEAAAB458BDA341E971;97;1;240
M005;2021-01-06;A000247;005056A75DDC1EEAA9BC2CA7D9AA66EE;7000009745;906316497;005056A75DDC1EEAA9BC2CA7D9AA66EE;97;1;240
M013;2021-01-06;A000248;005056A75DDC1EEAA9BC2CA7D9AA66EE;7000009745;906423532;005056A75DDC1EEAA9BC2CA7D9AA66EE;97;1;240
M013;2021-01-06;A000249;005056A75DDC1EEAA9BC2CA7D9AA66EE;7000009745;906423532;005056A75DDC1EEAA9BC2CA7D9AA66EE;97;1;240
M001;2021-01-07;A000250;005056A75DDC1EEAA9BC2CA7D9AA66EE;7000009745;906302953;005056A75DDC1EEAA9BC2CA7D9AA66EE;97;1;240
M005;2021-01-07;A000251;3638616237621EEBA4EF73792BE10EAE;32204;906366676;3638616237621EEBA4EF73792BE10EAE;72;2;2.16
M005;2021-01-07;A000252;3638616237621EEBA4EF73792BE10EAE;32204;906366676;3638616237621EEBA4EF73792BE10EAE;72;2;2.16
M005;2021-01-07;A000253;3638616237621ECJIO7R77DF8B364EB8;55414;906366676;3638616237621ECJIO7R77DF8B364EB8;23;2;2.3
M007;2021-01-07;A000254;3638616237621EEBA4EF73792BE10EAE;32204;906379443;3638616237621EEBA4EF73792BE10EAE;72;2;2.16
M007;2021-01-07;A000255;3638616237621EEBA4EF73792BE10EAE;32204;906379443;3638616237621EEBA4EF73792BE10EAE;72;2;2.16
M007;2021-01-07;A000256;3638616237621ECJIO7R77DF8B364EB8;55414;906379443;3638616237621ECJIO7R77DF8B364EB8;23;2;2.3
M003;2021-01-07;A000257;005056A75DDC1EEAA9BC2CA7D9AA66EE;7000009745;906397601;005056A75DDC1EEAA9BC2CA7D9AA66EE;97;1;240
M003;2021-01-07;A000258;005056A75DDC1EEAA9BC2CA7D9AA66EE;7000009745;906397601;005056A75DDC1EEAA9BC2CA7D9AA66EE;97;1;240
M003;2021-01-07;A000259;005056A75DDC1EEAAAB458BDA341E971;55480;906449253;005056A75DDC1EEAAAB458BDA341E971;97;1;240
M011;2021-01-08;A000260;005056A75DDC1EEAAAB5461946344AFB;95035;906367352;005056A75DDC1EEAAAB5461946344AFB;1516;1;240
M009;2021-01-08;A000261;005056A75DDC1EEAA9BC2CA7D9AA66EE;7000009745;906411394;005056A75DDC1EEAA9BC2CA7D9AA66EE;97;1;240
M011;2021-01-08;A000262;005056A75DDC1EEAA9BC2CA7D9AA66EE;7000009745;906430725;005056A75DDC1EEAA9BC2CA7D9AA66EE;97;1;240
M003;2021-01-11;A000263;005056A75DDC1EEAA9BC2CA7D9AA66EE;7000009745;906527961;005056A75DDC1EEAA9BC2CA7D9AA66EE;97;1;240
M005;2021-01-12;A000264;005056A75DDC1EEAA9BC2CA7D9AA66EE;7000009745;906529470;005056A75DDC1EEAA9BC2CA7D9AA66EE;97;1;240
M013;2021-01-12;A000265;3638616237621EEBA4EF73792BE10EAE;32204;906534267;3638616237621EEBA4EF73792BE10EAE;72;2;2.16
M013;2021-01-12;A000266;3638616237621EEBA4EF73792BE10EAE;32204;906534267;3638616237621EEBA4EF73792BE10EAE;72;2;2.16
M013;2021-01-12;A000267;3638616237621ECJIO7R77DF8B364EB8;55414;906534267;3638616237621ECJIO7R77DF8B364EB8;23;2;2.3
M013;2021-01-12;A000268;3638616237621EEBA4EF75D65ADA0EB1;55417;906534267;3638616237621EEBA4EF75D65ADA0EB1;985;1;60
M013;2021-01-12;A000269;005056A75DDC1EEAAAB458BDA341E971;55480;906534267;005056A75DDC1EEAAAB458BDA341E971;97;1;240
M006;2021-01-13;A000270;005056A75DDC1EEAA9BC2CA7D9AA66EE;7000009745;906500874;005056A75DDC1EEAA9BC2CA7D9AA66EE;97;1;240
M005;2021-01-14;A000271;005056A75DDC1EEAA9BC2CA7D9AA66EE;7000009745;906599445;005056A75DDC1EEAA9BC2CA7D9AA66EE;97;1;240
M011;2021-01-15;A000272;005056A75DDC1EEAA9BC2CA7D9AA66EE;7000009745;906659831;005056A75DDC1EEAA9BC2CA7D9AA66EE;97;1;240
M001;2021-01-16;A000273;005056A75DDC1EEAA9BC2CA7D9AA66EE;7000009745;906662680;005056A75DDC1EEAA9BC2CA7D9AA66EE;97;1;240
M012;2021-01-17;A000274;3638616237621EEBA4EF73792BE10EAE;32204;906667444;3638616237621EEBA4EF73792BE10EAE;72;2;2.16
M014;2021-01-18;A000275;005056A75DDC1EEAA9BC2CA7D9AA66EE;7000009745;906706906;005056A75DDC1EEAA9BC2CA7D9AA66EE;97;1;240
M012;2021-01-19;A000276;3638616237621EEBA4EF73792BE10EAE;32204;906750244;3638616237621EEBA4EF73792BE10EAE;72;2;2.16
M003;2021-01-20;A000277;005056A75DDC1EEAA9BC2CA7D9AA66EE;7000009745;906716812;005056A75DDC1EEAA9BC2CA7D9AA66EE;97;1;240
M006;2021-01-21;A000278;3638616237621EEBA4EF73792BE10EAE;32204;906762029;3638616237621EEBA4EF73792BE10EAE;72;2;2.16
M004;2021-01-23;A000279;3638616237621EEBA4EF75D65ADA0EB1;55417;906822536;3638616237621EEBA4EF75D65ADA0EB1;985;1;60
M004;2021-01-23;A000280;005056A75DDC1EEAAAB458BDA341E971;55480;906822536;005056A75DDC1EEAAAB458BDA341E971;97;1;240
M008;2021-01-24;A000281;005056A75DDC1EEAA9BC2CA7D9AA66EE;7000009745;906870662;005056A75DDC1EEAA9BC2CA7D9AA66EE;97;1;240
M001;2021-01-25;A000282;3638616237621EEBA4EF73792BE10EAE;32204;906816023;3638616237621EEBA4EF73792BE10EAE;72;2;2.16
M012;2021-01-25;A000283;005056A75DDC1EEAA9BC2CA7D9AA66EE;7000009745;906816945;005056A75DDC1EEAA9BC2CA7D9AA66EE;97;1;240
M008;2021-01-27;A000284;3638616237621EEBA4EF73792BE10EAE;32204;906842563;3638616237621EEBA4EF73792BE10EAE;72;2;2.16
M002;2021-01-28;A000285;005056A75DDC1EEAA9BC2CA7D9AA66EE;7000009745;906915584;005056A75DDC1EEAA9BC2CA7D9AA66EE;97;1;240
M001;2021-01-29;A000286;005056A75DDC1EEAA9BC2CA7D9AA66EE;7000009745;906930833;005056A75DDC1EEAA9BC2CA7D9AA66EE;97;1;240
M006;2021-01-30;A000287;005056A75DDC1EEAA9BC2CA7D9AA66EE;7000009745;906915187;005056A75DDC1EEAA9BC2CA7D9AA66EE;97;1;240
M004;2021-02-01;A000288;005056A75DDC1EEAA9BC2CA7D9AA66EE;7000009745;906948290;005056A75DDC1EEAA9BC2CA7D9AA66EE;97;1;240
M012;2021-02-01;A000289;3638616237621EEBA4EF73792BE10EAE;32204;907013795;3638616237621EEBA4EF73792BE10EAE;72;2;2.16
M012;2021-02-01;A000290;005056A75DDC1EEAAAB5461946344AFB;95035;907013795;005056A75DDC1EEAAAB5461946344AFB;1516;1;240
M006;2021-02-02;A000291;3638616237621EEBA4EF73792BE10EAE;32204;906995656;3638616237621EEBA4EF73792BE10EAE;72;2;2.16
M008;2021-02-02;A000292;005056A75DDC1EEAA9BC2CA7D9AA66EE;7000009745;907023102;005056A75DDC1EEAA9BC2CA7D9AA66EE;97;1;240
M011;2021-02-03;A000293;005056A75DDC1EEAA9BC2CA7D9AA66EE;7000009745;907005164;005056A75DDC1EEAA9BC2CA7D9AA66EE;97;1;240
M007;2021-02-04;A000294;3638616237621EEBA4EF73792BE10EAE;32204;906891445;3638616237621EEBA4EF73792BE10EAE;72;2;2.16
M005;2021-02-04;A000295;005056A75DDC1EEAA9BC2CA7D9AA66EE;7000009745;907066619;005056A75DDC1EEAA9BC2CA7D9AA66EE;97;1;240
M001;2021-02-07;A000296;005056A75DDC1EEAA9BC2CA7D9AA66EE;7000009745;907061274;005056A75DDC1EEAA9BC2CA7D9AA66EE;97;1;240
M002;2021-02-07;A000297;3638616237621EEBA4EF73792BE10EAE;32204;907151010;3638616237621EEBA4EF73792BE10EAE;72;2;2.16
M007;2021-02-08;A000298;005056A75DDC1EEAA9BC2CA7D9AA66EE;7000009745;907184902;005056A75DDC1EEAA9BC2CA7D9AA66EE;97;1;240
M001;2021-02-09;A000299;3638616237621EEBA4EF73792BE10EAE;32204;907102068;3638616237621EEBA4EF73792BE10EAE;72;2;2.16
M001;2021-02-09;A000300;005056A75DDC1EEAA9BC2CA7D9AA66EE;7000009745;907121573;005056A75DDC1EEAA9BC2CA7D9AA66EE;97;1;240
M008;2021-02-10;A000301;005056A75DDC1EEAA9BC2CA7D9AA66EE;7000009745;907183347;005056A75DDC1EEAA9BC2CA7D9AA66EE;97;1;240
M007;2021-02-11;A000302;005056A75DDC1EEAA9BC2CA7D9AA66EE;7000009745;907153983;005056A75DDC1EEAA9BC2CA7D9AA66EE;97;1;240
M007;2021-02-11;A000303;005056A75DDC1EEAA9BC2CA7D9AA66EE;7000009745;907153983;005056A75DDC1EEAA9BC2CA7D9AA66EE;97;1;240
M014;2021-02-11;A000304;3638616237621EEBA4EF84B64BB40F85;55414;907198188;3638616237621EEBA4EF84B64BB40F85;23;1;50
M004;2021-02-11;A000305;005056A75DDC1EEAA9BC2CA7D9AA66EE;7000009745;907257855;005056A75DDC1EEAA9BC2CA7D9AA66EE;97;1;240
M004;2021-02-11;A000306;005056A75DDC1EEAA9BC2CA7D9AA66EE;7000009745;907257855;005056A75DDC1EEAA9BC2CA7D9AA66EE;97;1;240
M007;2021-02-13;A000307;005056A75DDC1EEAA9BC2CA7D9AA66EE;7000009745;907204347;005056A75DDC1EEAA9BC2CA7D9AA66EE;97;1;240
M007;2021-02-13;A000308;005056A75DDC1EEAA9BC2CA7D9AA66EE;7000009745;907204347;005056A75DDC1EEAA9BC2CA7D9AA66EE;97;1;240
M001;2021-02-13;A000309;005056A75DDC1EEAAAB458BDA341E971;55480;907227037;005056A75DDC1EEAAAB458BDA341E971;97;1;240
M001;2021-02-13;A000310;3638616237621EEBA4EF77DF8B364EB8;70245;907227037;3638616237621EEBA4EF77DF8B364EB8;316;2;63.2
M001;2021-02-13;A000311;005056A75DDC1EEAAAB5461946344AFB;95035;907227037;005056A75DDC1EEAAAB5461946344AFB;1516;1;240
M014;2021-02-14;A000312;005056A75DDC1EEAA9BC2CA7D9AA66EE;7000009745;907305674;005056A75DDC1EEAA9BC2CA7D9AA66EE;97;1;240
M001;2021-02-15;A000313;3638616237621EEBA4EF73792BE10EAE;32204;907277964;3638616237621EEBA4EF73792BE10EAE;72;2;2.16
M001;2021-02-15;A000314;005056A75DDC1EEAAAB5461946344AFB;95035;907277964;005056A75DDC1EEAAAB5461946344AFB;1516;1;240
M003;2021-02-16;A000315;005056A75DDC1EEAA9BC2CA7D9AA66EE;7000009745;907360251;005056A75DDC1EEAA9BC2CA7D9AA66EE;97;1;240
M008;2021-02-17;A000316;005056A75DDC1EEAA9BC2CA7D9AA66EE;7000009745;907316585;005056A75DDC1EEAA9BC2CA7D9AA66EE;97;1;240
M012;2021-02-20;A000317;3638616237621EEBA4EF73792BE10EAE;32204;907356843;3638616237621EEBA4EF73792BE10EAE;72;2;2.16
M003;2021-02-20;A000318;005056A75DDC1EEAA9BC2CA7D9AA66EE;7000009745;907451014;005056A75DDC1EEAA9BC2CA7D9AA66EE;97;1;240
M014;2021-02-21;A000319;3638616237621EEBA4EF73792BE10EAE;32204;907396602;3638616237621EEBA4EF73792BE10EAE;72;2;2.16
M011;2021-02-21;A000320;005056A75DDC1EEAA9BC2CA7D9AA66EE;7000009745;907460945;005056A75DDC1EEAA9BC2CA7D9AA66EE;97;1;240
M004;2021-02-23;A000321;005056A75DDC1EEAA9BC2CA7D9AA66EE;7000009745;907480012;005056A75DDC1EEAA9BC2CA7D9AA66EE;97;1;240
M008;2021-02-24;A000322;005056A75DDC1EEAA9BC2CA7D9AA66EE;7000009745;907450357;005056A75DDC1EEAA9BC2CA7D9AA66EE;97;1;240
M012;2021-02-24;A000323;005056A75DDC1EEAA9BC2CA7D9AA66EE;7000009745;907496097;005056A75DDC1EEAA9BC2CA7D9AA66EE;97;1;240
M004;2021-02-25;A000324;005056A75DDC1EEAAAB458BDA341E971;55480;907405457;005056A75DDC1EEAAAB458BDA341E971;97;1;240
M008;2021-02-25;A000325;005056A75DDC1EEAA9BC2CA7D9AA66EE;7000009745;907517117;005056A75DDC1EEAA9BC2CA7D9AA66EE;97;1;240
M006;2021-02-26;A000326;005056A75DDC1EEAA9BC2CA7D9AA66EE;7000009745;907549774;005056A75DDC1EEAA9BC2CA7D9AA66EE;97;1;240
M006;2021-02-26;A000327;005056A75DDC1EEAA9BC2CA7D9AA66EE;7000009745;907549774;005056A75DDC1EEAA9BC2CA7D9AA66EE;97;1;240
M015;2021-02-28;A000328;005056A75DDC1EEAA9BC2CA7D9AA66EE;7000009745;907479326;005056A75DDC1EEAA9BC2CA7D9AA66EE;97;1;240
M009;2021-01-04;A000329;005056A75DDC1EEAA9BC2CA7D9AA66EE;7000009745;900460999;005056A75DDC1EEAA9BC2CA7D9AA66EE;97;1;240
M004;2021-01-04;A000330;005056A75DDC1EEAA9BC2CA7D9AA66EE;7000009745;900839466;005056A75DDC1EEAA9BC2CA7D9AA66EE;97;1;240
M003;2021-01-06;A000331;005056A75DDC1EEAA9BC2CA7D9AA66EE;7000009745;900605001;005056A75DDC1EEAA9BC2CA7D9AA66EE;97;1;240
M008;2021-01-09;A000332;005056A75DDC1EEAA9BC2CA7D9AA66EE;7000009745;900491368;005056A75DDC1EEAA9BC2CA7D9AA66EE;97;1;240
M012;2021-01-10;A000333;005056A75DDC1EEAA9BC2CA7D9AA66EE;7000009745;900488995;005056A75DDC1EEAA9BC2CA7D9AA66EE;97;1;240
M003;2021-01-15;A000334;005056A75DDC1EEAA9BC2CA7D9AA66EE;7000009745;900692725;005056A75DDC1EEAA9BC2CA7D9AA66EE;97;1;240
M003;2021-01-15;A000335;005056A75DDC1EEAA9BC2CA7D9AA66EE;7000009745;900692725;005056A75DDC1EEAA9BC2CA7D9AA66EE;97;1;240
M007;2021-01-21;A000336;005056A75DDC1EEAA9BC2CA7D9AA66EE;7000009745;900802559;005056A75DDC1EEAA9BC2CA7D9AA66EE;97;1;240
M011;2021-01-01;A000337;005056A75DDC1EEAA9BC2CA7D9AA66EE;7000009745;900422381;005056A75DDC1EEAA9BC2CA7D9AA66EE;97;1;240
M004;2021-01-01;A000338;3638616237621EEBA4EF73792BE10EAE;32204;900452892;3638616237621EEBA4EF73792BE10EAE;72;2;2.16
M006;2021-01-01;A000339;005056A75DDC1EEAA9BC2CA7D9AA66EE;7000009745;900737683;005056A75DDC1EEAA9BC2CA7D9AA66EE;97;1;240
M010;2021-01-01;A000340;3638616237621EEBA4EF73792BE10EAE;32204;900835105;3638616237621EEBA4EF73792BE10EAE;72;2;2.16
M010;2021-01-01;A000341;005056A75DDC1EEAAAB5461946344AFB;95035;900835105;005056A75DDC1EEAAAB5461946344AFB;1516;1;240
M011;2021-01-02;A000342;005056A75DDC1EEAA9BC2CA7D9AA66EE;7000009745;900464756;005056A75DDC1EEAA9BC2CA7D9AA66EE;97;1;240
M007;2021-01-02;A000343;3638616237621EEBA4EF73792BE10EAE;32204;900773584;3638616237621EEBA4EF73792BE10EAE;72;2;2.16
M007;2021-01-02;A000344;3638616237621EEBA4EF84B64BB40F85;55414;900773584;3638616237621EEBA4EF84B64BB40F85;23;1;50
M007;2021-01-02;A000345;3638616237621EEBA4EF75D65ADA0EB1;55417;900773584;3638616237621EEBA4EF75D65ADA0EB1;985;1;60
M003;2021-01-02;A000346;3638616237621EEBA4EF73792BE10EAE;32204;900803581;3638616237621EEBA4EF73792BE10EAE;72;2;2.16
M010;2021-01-02;A000347;005056A75DDC1EEAA9BC2CA7D9AA66EE;7000009745;900816363;005056A75DDC1EEAA9BC2CA7D9AA66EE;97;1;240
M002;2021-01-04;A000348;005056A75DDC1EEAA9BC2CA7D9AA66EE;7000009745;900491102;005056A75DDC1EEAA9BC2CA7D9AA66EE;97;1;240
M001;2021-01-04;A000349;005056A75DDC1EEAA9BC2CA7D9AA66EE;7000009745;900737685;005056A75DDC1EEAA9BC2CA7D9AA66EE;97;1;240
M003;2021-01-05;A000350;005056A75DDC1EEAA9BC2CA7D9AA66EE;7000009745;900571121;005056A75DDC1EEAA9BC2CA7D9AA66EE;97;1;240
M003;2021-01-06;A000351;005056A75DDC1EEAA9BC2CA7D9AA66EE;7000009745;900579252;005056A75DDC1EEAA9BC2CA7D9AA66EE;97;1;240
M003;2021-01-06;A000352;3638616237621EEBA4EF73792BE10EAE;32204;900579254;3638616237621EEBA4EF73792BE10EAE;72;2;2.16
M006;2021-01-06;A000353;005056A75DDC1EEAA9BC2CA7D9AA66EE;7000009745;900602609;005056A75DDC1EEAA9BC2CA7D9AA66EE;97;1;240
M001;2021-01-07;A000354;005056A75DDC1EEAA9BC2CA7D9AA66EE;7000009745;900467069;005056A75DDC1EEAA9BC2CA7D9AA66EE;97;1;240
M001;2021-01-08;A000355;005056A75DDC1EEAA9BC2CA7D9AA66EE;7000009745;900499143;005056A75DDC1EEAA9BC2CA7D9AA66EE;97;1;240
M002;2021-01-08;A000356;005056A75DDC1EEAA9BC2CA7D9AA66EE;7000009745;900582903;005056A75DDC1EEAA9BC2CA7D9AA66EE;97;1;240
M002;2021-01-09;A000357;3638616237621EEBA4EF73792BE10EAE;32204;900545387;3638616237621EEBA4EF73792BE10EAE;72;2;2.16
M005;2021-01-09;A000358;005056A75DDC1EEAA9BC2CA7D9AA66EE;7000009745;900647333;005056A75DDC1EEAA9BC2CA7D9AA66EE;97;1;240
M005;2021-01-10;A000359;005056A75DDC1EEAA9BC2CA7D9AA66EE;7000009745;900646571;005056A75DDC1EEAA9BC2CA7D9AA66EE;97;1;240
M005;2021-01-10;A000360;005056A75DDC1EEAA9BC2CA7D9AA66EE;7000009745;900646571;005056A75DDC1EEAA9BC2CA7D9AA66EE;97;1;240
M008;2021-01-10;A000361;005056A75DDC1EEAA9BC2CA7D9AA66EE;7000009745;900784612;005056A75DDC1EEAA9BC2CA7D9AA66EE;97;1;240
M001;2021-01-10;A000362;3638616237621EEBA4EF73792BE10EAE;32204;900851366;3638616237621EEBA4EF73792BE10EAE;72;2;2.16
M013;2021-01-11;A000363;3638616237621EEBA4EF73792BE10EAE;32204;900577215;3638616237621EEBA4EF73792BE10EAE;72;2;2.16
M011;2021-01-11;A000364;005056A75DDC1EEAA9BC2CA7D9AA66EE;7000009745;900629985;005056A75DDC1EEAA9BC2CA7D9AA66EE;97;1;240
M003;2021-01-11;A000365;3638616237621EEBA4EF73792BE10EAE;32204;900652285;3638616237621EEBA4EF73792BE10EAE;72;2;2.16
M009;2021-01-11;A000366;005056A75DDC1EEAA9BC2CA7D9AA66EE;7000009745;900663390;005056A75DDC1EEAA9BC2CA7D9AA66EE;97;1;240
M003;2021-01-12;A000367;005056A75DDC1EEAA9BC2CA7D9AA66EE;7000009745;900524835;005056A75DDC1EEAA9BC2CA7D9AA66EE;97;1;240
M003;2021-01-12;A000368;005056A75DDC1EEAA9BC2CA7D9AA66EE;7000009745;900524835;005056A75DDC1EEAA9BC2CA7D9AA66EE;97;1;240
M015;2021-01-12;A000369;005056A75DDC1EEAA9BC2CA7D9AA66EE;7000009745;900652968;005056A75DDC1EEAA9BC2CA7D9AA66EE;97;1;240
M008;2021-01-12;A000370;3638616237621EEBA4EF73792BE10EAE;32204;900677607;3638616237621EEBA4EF73792BE10EAE;72;2;2.16
M008;2021-01-12;A000371;3638616237621EEBA4EF84B64BB40F85;55414;900677607;3638616237621EEBA4EF84B64BB40F85;23;1;50
M008;2021-01-12;A000372;3638616237621EEBA4EF75D65ADA0EB1;55417;900677607;3638616237621EEBA4EF75D65ADA0EB1;985;1;60
M008;2021-01-12;A000373;005056A75DDC1EEAAAB458BDA341E971;55480;900677607;005056A75DDC1EEAAAB458BDA341E971;97;1;240
M008;2021-01-12;A000374;005056A75DDC1EEAAAB458BDA341E971;55480;900677607;005056A75DDC1EEAAAB458BDA341E971;97;1;240
M015;2021-01-13;A000375;005056A75DDC1EEAA9BC2CA7D9AA66EE;7000009745;900631799;005056A75DDC1EEAA9BC2CA7D9AA66EE;97;1;240
M010;2021-01-13;A000376;3638616237621EEBA4EF73792BE10EAE;32204;900657528;3638616237621EEBA4EF73792BE10EAE;72;2;2.16
M010;2021-01-13;A000377;3638616237621EEBA4EF75D65ADA0EB1;55417;900657528;3638616237621EEBA4EF75D65ADA0EB1;985;1;60
M011;2021-01-13;A000378;005056A75DDC1EEAA9BC2CA7D9AA66EE;7000009745;900683162;005056A75DDC1EEAA9BC2CA7D9AA66EE;97;1;240
M011;2021-01-13;A000379;005056A75DDC1EEAA9BC2CA7D9AA66EE;7000009745;900683162;005056A75DDC1EEAA9BC2CA7D9AA66EE;97;1;240
M013;2021-01-14;A000380;005056A75DDC1EEAA9BC2CA7D9AA66EE;7000009745;900682926;005056A75DDC1EEAA9BC2CA7D9AA66EE;97;1;240
M011;2021-01-14;A000381;3638616237621EEBA4EF73792BE10EAE;32204;900711212;3638616237621EEBA4EF73792BE10EAE;72;2;2.16
M010;2021-01-15;A000382;005056A75DDC1EEAA9BC2CA7D9AA66EE;7000009745;900697944;005056A75DDC1EEAA9BC2CA7D9AA66EE;97;1;240
M010;2021-01-15;A000383;005056A75DDC1EEAA9BC2CA7D9AA66EE;7000009745;900697944;005056A75DDC1EEAA9BC2CA7D9AA66EE;97;1;240
M012;2021-01-15;A000384;005056A75DDC1EEAA9BC2CA7D9AA66EE;7000009745;900809841;005056A75DDC1EEAA9BC2CA7D9AA66EE;97;1;240
M003;2021-01-15;A000385;005056A75DDC1EEAA9BC2CA7D9AA66EE;7000009745;900837679;005056A75DDC1EEAA9BC2CA7D9AA66EE;97;1;240
M003;2021-01-15;A000386;005056A75DDC1EEAA9BC2CA7D9AA66EE;7000009745;900837679;005056A75DDC1EEAA9BC2CA7D9AA66EE;97;1;240
M008;2021-01-16;A000387;3638616237621EEBA4EF73792BE10EAE;32204;900661958;3638616237621EEBA4EF73792BE10EAE;72;2;2.16
M008;2021-01-16;A000388;3638616237621EEBA4EF73792BE10EAE;32204;900661958;3638616237621EEBA4EF73792BE10EAE;72;2;2.16
M011;2021-01-16;A000389;005056A75DDC1EEAA9BC2CA7D9AA66EE;7000009745;900690004;005056A75DDC1EEAA9BC2CA7D9AA66EE;97;1;240
M010;2021-01-16;A000390;005056A75DDC1EEAA9BC2CA7D9AA66EE;7000009745;900705009;005056A75DDC1EEAA9BC2CA7D9AA66EE;97;1;240
M008;2021-01-16;A000391;3638616237621EEBA4EF73792BE10EAE;32204;900720007;3638616237621EEBA4EF73792BE10EAE;72;2;2.16
M005;2021-01-17;A000392;3638616237621EEBA4EF73792BE10EAE;32204;900749330;3638616237621EEBA4EF73792BE10EAE;72;2;2.16
M008;2021-01-18;A000393;3638616237621EEBA4EF73792BE10EAE;32204;900688956;3638616237621EEBA4EF73792BE10EAE;72;2;2.16
M011;2021-01-18;A000394;005056A75DDC1EEAA9BC2CA7D9AA66EE;7000009745;900708433;005056A75DDC1EEAA9BC2CA7D9AA66EE;97;1;240
M003;2021-01-18;A000395;005056A75DDC1EEAA9BC2CA7D9AA66EE;7000009745;900822586;005056A75DDC1EEAA9BC2CA7D9AA66EE;97;1;240
M002;2021-01-18;A000396;3638616237621EEBA4EF75D65ADA0EB1;55417;900835966;3638616237621EEBA4EF75D65ADA0EB1;985;1;60
M003;2021-01-19;A000397;005056A75DDC1EEAA9BC2CA7D9AA66EE;7000009745;900774514;005056A75DDC1EEAA9BC2CA7D9AA66EE;97;1;240
M003;2021-01-19;A000398;005056A75DDC1EEAA9BC2CA7D9AA66EE;7000009745;900774514;005056A75DDC1EEAA9BC2CA7D9AA66EE;97;1;240
M013;2021-01-20;A000399;005056A75DDC1EEAA9BC2CA7D9AA66EE;7000009745;900767024;005056A75DDC1EEAA9BC2CA7D9AA66EE;97;1;240
M003;2021-01-21;A000400;005056A75DDC1EEAA9BC2CA7D9AA66EE;7000009745;900741626;005056A75DDC1EEAA9BC2CA7D9AA66EE;97;1;240
M003;2021-01-23;A000401;005056A75DDC1EEAA9BC2CA7D9AA66EE;7000009745;900758113;005056A75DDC1EEAA9BC2CA7D9AA66EE;97;1;240
M007;2021-01-24;A000402;005056A75DDC1EEAA9BC2CA7D9AA66EE;7000009745;900791582;005056A75DDC1EEAA9BC2CA7D9AA66EE;97;1;240
M009;2021-01-24;A000403;3638616237621EEBA4EF73792BE10EAE;32204;900796738;3638616237621EEBA4EF73792BE10EAE;72;2;2.16
M010;2021-01-25;A000404;005056A75DDC1EEAA9BC2CA7D9AA66EE;7000009745;900822587;005056A75DDC1EEAA9BC2CA7D9AA66EE;97;1;240
M003;2021-01-26;A000405;005056A75DDC1EEAA9BC2CA7D9AA66EE;7000009745;900785949;005056A75DDC1EEAA9BC2CA7D9AA66EE;97;1;240
M015;2021-01-26;A000406;005056A75DDC1EEAA9BC2CA7D9AA66EE;7000009745;900866322;005056A75DDC1EEAA9BC2CA7D9AA66EE;97;1;240
M005;2021-01-27;A000407;3638616237621EEBA4EF73792BE10EAE;32204;900787647;3638616237621EEBA4EF73792BE10EAE;72;2;2.16
M005;2021-01-27;A000408;3638616237621EEBA4EF84B64BB40F85;55414;900787647;3638616237621EEBA4EF84B64BB40F85;23;1;50
M005;2021-01-27;A000409;3638616237621EEBA4EF75D65ADA0EB1;55417;900787647;3638616237621EEBA4EF75D65ADA0EB1;985;1;60
M005;2021-01-27;A000410;3638616237621EEBA4EF75D65ADA0EB1;55417;900787647;3638616237621EEBA4EF75D65ADA0EB1;985;1;60
M005;2021-01-27;A000411;005056A75DDC1EEAAAB458BDA341E971;55480;900787647;005056A75DDC1EEAAAB458BDA341E971;97;1;240
M003;2021-01-27;A000412;005056A75DDC1EEAA9BC2CA7D9AA66EE;7000009745;900814684;005056A75DDC1EEAA9BC2CA7D9AA66EE;97;1;240
M005;2021-01-27;A000413;005056A75DDC1EEAA9BC2CA7D9AA66EE;7000009745;900881942;005056A75DDC1EEAA9BC2CA7D9AA66EE;97;1;240
M005;2021-01-28;A000414;005056A75DDC1EEAA9BC2CA7D9AA66EE;7000009745;900881780;005056A75DDC1EEAA9BC2CA7D9AA66EE;97;1;240
M006;2021-01-29;A000415;005056A75DDC1EEAA9BC2CA7D9AA66EE;7000009745;900901466;005056A75DDC1EEAA9BC2CA7D9AA66EE;97;1;240
M008;2021-01-29;A000416;005056A75DDC1EEAA9BC2CA7D9AA66EE;7000009745;900904417;005056A75DDC1EEAA9BC2CA7D9AA66EE;97;1;240
M009;2021-01-29;A000417;005056A75DDC1EEAAAB458BDA341E971;55480;900929002;005056A75DDC1EEAAAB458BDA341E971;97;1;240
M009;2021-01-30;A000418;005056A75DDC1EEAA9BC2CA7D9AA66EE;7000009745;900776450;005056A75DDC1EEAA9BC2CA7D9AA66EE;97;1;240
M011;2021-01-30;A000419;005056A75DDC1EEAA9BC2CA7D9AA66EE;7000009745;900934108;005056A75DDC1EEAA9BC2CA7D9AA66EE;97;1;240
M004;2021-01-31;A000420;3638616237621EEBA4EF73792BE10EAE;32204;900816401;3638616237621EEBA4EF73792BE10EAE;72;2;2.16
M004;2021-01-31;A000421;3638616237621EEBA4EF84B64BB40F85;55414;900816401;3638616237621EEBA4EF84B64BB40F85;23;1;50
M004;2021-01-31;A000422;3638616237621EEBA4EF75D65ADA0EB1;55417;900816401;3638616237621EEBA4EF75D65ADA0EB1;985;1;60
M004;2021-01-31;A000423;005056A75DDC1EEAAAB458BDA341E971;55480;900816401;005056A75DDC1EEAAAB458BDA341E971;97;1;240
M005;2021-01-31;A000424;005056A75DDC1EEAA9BC2CA7D9AA66EE;7000009745;900905961;005056A75DDC1EEAA9BC2CA7D9AA66EE;97;1;240
M005;2021-01-31;A000425;005056A75DDC1EEAA9BC2CA7D9AA66EE;7000009745;900905961;005056A75DDC1EEAA9BC2CA7D9AA66EE;97;1;240
M003;2021-01-31;A000426;005056A75DDC1EEAA9BC2CA7D9AA66EE;7000009745;900942512;005056A75DDC1EEAA9BC2CA7D9AA66EE;97;1;240
M004;2021-02-01;A000427;3638616237621EEBA4EF73792BE10EAE;32204;900870945;3638616237621EEBA4EF73792BE10EAE;72;2;2.16
M003;2021-02-01;A000428;005056A75DDC1EEAA9BC2CA7D9AA66EE;7000009745;900921865;005056A75DDC1EEAA9BC2CA7D9AA66EE;97;1;240
M003;2021-02-01;A000429;005056A75DDC1EEAA9BC2CA7D9AA66EE;7000009745;900934025;005056A75DDC1EEAA9BC2CA7D9AA66EE;97;1;240
M014;2021-02-02;A000430;005056A75DDC1EEAA9BC2CA7D9AA66EE;7000009745;900878750;005056A75DDC1EEAA9BC2CA7D9AA66EE;97;1;240
M001;2021-02-02;A000431;005056A75DDC1EEAA9BC2CA7D9AA66EE;7000009745;900965609;005056A75DDC1EEAA9BC2CA7D9AA66EE;97;1;240
M010;2021-02-03;A000432;005056A75DDC1EEAA9BC2CA7D9AA66EE;7000009745;900885759;005056A75DDC1EEAA9BC2CA7D9AA66EE;97;1;240
M012;2021-02-03;A000433;005056A75DDC1EEAA9BC2CA7D9AA66EE;7000009745;900954829;005056A75DDC1EEAA9BC2CA7D9AA66EE;97;1;240
M012;2021-02-04;A000434;005056A75DDC1EEAA9BC2CA7D9AA66EE;7000009745;900926740;005056A75DDC1EEAA9BC2CA7D9AA66EE;97;1;240
M001;2021-02-04;A000435;3638616237621EEBA4EF73792BE10EAE;32204;900950965;3638616237621EEBA4EF73792BE10EAE;72;2;2.16
M003;2021-02-04;A000436;3638616237621EEBA4EF73792BE10EAE;32204;901056059;3638616237621EEBA4EF73792BE10EAE;72;2;2.16
M003;2021-02-05;A000437;3638616237621EEBA4EF75D65ADA0EB1;55417;900925815;3638616237621EEBA4EF75D65ADA0EB1;985;1;60
M003;2021-02-05;A000438;3638616237621EEBA4EF77DF8B364EB8;70245;900925815;3638616237621EEBA4EF77DF8B364EB8;316;2;63.2
M001;2021-02-05;A000439;005056A75DDC1EEAA9BC2CA7D9AA66EE;7000009745;900930373;005056A75DDC1EEAA9BC2CA7D9AA66EE;97;1;240
M003;2021-02-06;A000440;005056A75DDC1EEAA9BC2CA7D9AA66EE;7000009745;900795166;005056A75DDC1EEAA9BC2CA7D9AA66EE;97;1;240
M012;2021-02-07;A000441;005056A75DDC1EEAA9BC2CA7D9AA66EE;7000009745;900884591;005056A75DDC1EEAA9BC2CA7D9AA66EE;97;1;240
M007;2021-02-07;A000442;005056A75DDC1EEAA9BC2CA7D9AA66EE;7000009745;901023211;005056A75DDC1EEAA9BC2CA7D9AA66EE;97;1;240
M005;2021-02-08;A000443;005056A75DDC1EEAA9BC2CA7D9AA66EE;7000009745;900991489;005056A75DDC1EEAA9BC2CA7D9AA66EE;97;1;240
M008;2021-02-08;A000444;3638616237621EEBA4EF73792BE10EAE;32204;901006938;3638616237621EEBA4EF73792BE10EAE;72;2;2.16
M006;2021-02-08;A000445;005056A75DDC1EEAA9BC2CA7D9AA66EE;7000009745;901019369;005056A75DDC1EEAA9BC2CA7D9AA66EE;97;1;240
M002;2021-02-08;A000446;005056A75DDC1EEAA9BC2CA7D9AA66EE;7000009745;901059841;005056A75DDC1EEAA9BC2CA7D9AA66EE;97;1;240
M005;2021-02-09;A000447;005056A75DDC1EEAA9BC2CA7D9AA66EE;7000009745;900831924;005056A75DDC1EEAA9BC2CA7D9AA66EE;97;1;240
M003;2021-02-09;A000448;005056A75DDC1EEAA9BC2CA7D9AA66EE;7000009745;901054430;005056A75DDC1EEAA9BC2CA7D9AA66EE;97;1;240
M008;2021-02-10;A000449;005056A75DDC1EEAA9BC2CA7D9AA66EE;7000009745;901034981;005056A75DDC1EEAA9BC2CA7D9AA66EE;97;1;240
M008;2021-02-10;A000450;005056A75DDC1EEAA9BC2CA7D9AA66EE;7000009745;901034981;005056A75DDC1EEAA9BC2CA7D9AA66EE;97;1;240
M003;2021-02-10;A000451;005056A75DDC1EEAA9BC2CA7D9AA66EE;7000009745;901039678;005056A75DDC1EEAA9BC2CA7D9AA66EE;97;1;240
M003;2021-02-10;A000452;005056A75DDC1EEAA9BC2CA7D9AA66EE;7000009745;901039678;005056A75DDC1EEAA9BC2CA7D9AA66EE;97;1;240
M010;2021-02-11;A000453;005056A75DDC1EEAA9BC2CA7D9AA66EE;7000009745;901034983;005056A75DDC1EEAA9BC2CA7D9AA66EE;97;1;240
M009;2021-02-11;A000454;3638616237621EEBA4EF73792BE10EAE;32204;901072574;3638616237621EEBA4EF73792BE10EAE;72;2;2.16
M008;2021-02-12;A000455;005056A75DDC1EEAA9BC2CA7D9AA66EE;7000009745;901072327;005056A75DDC1EEAA9BC2CA7D9AA66EE;97;1;240
M002;2021-02-12;A000456;005056A75DDC1EEAA9BC2CA7D9AA66EE;7000009745;901107815;005056A75DDC1EEAA9BC2CA7D9AA66EE;97;1;240
M008;2021-02-13;A000457;3638616237621EEBA4EF73792BE10EAE;32204;901056343;3638616237621EEBA4EF73792BE10EAE;72;2;2.16
M014;2021-02-14;A000458;005056A75DDC1EEAA9BC2CA7D9AA66EE;7000009745;901122412;005056A75DDC1EEAA9BC2CA7D9AA66EE;97;1;240
M004;2021-02-15;A000459;005056A75DDC1EEAA9BC2CA7D9AA66EE;7000009745;901091741;005056A75DDC1EEAA9BC2CA7D9AA66EE;97;1;240
M012;2021-02-16;A000460;3638616237621EEBA4EF73792BE10EAE;32204;901136488;3638616237621EEBA4EF73792BE10EAE;72;2;2.16
M006;2021-02-17;A000461;005056A75DDC1EEAA9BC2CA7D9AA66EE;7000009745;901117332;005056A75DDC1EEAA9BC2CA7D9AA66EE;97;1;240
M003;2021-02-18;A000462;005056A75DDC1EEAA9BC2CA7D9AA66EE;7000009745;901173996;005056A75DDC1EEAA9BC2CA7D9AA66EE;97;1;240
M003;2021-02-18;A000463;005056A75DDC1EEAA9BC2CA7D9AA66EE;7000009745;901173996;005056A75DDC1EEAA9BC2CA7D9AA66EE;97;1;240
M004;2021-02-19;A000464;005056A75DDC1EEAA9BC2CA7D9AA66EE;7000009745;901157943;005056A75DDC1EEAA9BC2CA7D9AA66EE;97;1;240
M003;2021-02-20;A000465;005056A75DDC1EEAA9BC2CA7D9AA66EE;7000009745;901166207;005056A75DDC1EEAA9BC2CA7D9AA66EE;97;1;240
M001;2021-02-20;A000466;3638616237621EEBA4EF73792BE10EAE;32204;901179216;3638616237621EEBA4EF73792BE10EAE;72;2;2.16
M002;2021-02-21;A000467;005056A75DDC1EEAA9BC2CA7D9AA66EE;7000009745;901184356;005056A75DDC1EEAA9BC2CA7D9AA66EE;97;1;240
M002;2021-02-21;A000468;005056A75DDC1EEAA9BC2CA7D9AA66EE;7000009745;901184356;005056A75DDC1EEAA9BC2CA7D9AA66EE;97;1;240
M001;2021-02-22;A000469;005056A75DDC1EEAA9BC2CA7D9AA66EE;7000009745;901141065;005056A75DDC1EEAA9BC2CA7D9AA66EE;97;1;240
M003;2021-02-22;A000470;005056A75DDC1EEAA9BC2CA7D9AA66EE;7000009745;901223477;005056A75DDC1EEAA9BC2CA7D9AA66EE;97;1;240
M008;2021-02-23;A000471;005056A75DDC1EEAAAB5461946344AFB;95035;900523377;005056A75DDC1EEAAAB5461946344AFB;1516;1;240
M003;2021-02-23;A000472;005056A75DDC1EEAA9BC2CA7D9AA66EE;7000009745;901218734;005056A75DDC1EEAA9BC2CA7D9AA66EE;97;1;240
M003;2021-02-23;A000473;005056A75DDC1EEAA9BC2CA7D9AA66EE;7000009745;901218734;005056A75DDC1EEAA9BC2CA7D9AA66EE;97;1;240
M003;2021-02-24;A000474;005056A75DDC1EEAA9BC2CA7D9AA66EE;7000009745;901206004;005056A75DDC1EEAA9BC2CA7D9AA66EE;97;1;240
M003;2021-02-24;A000475;005056A75DDC1EEAA9BC2CA7D9AA66EE;7000009745;901206004;005056A75DDC1EEAA9BC2CA7D9AA66EE;97;1;240
M003;2021-02-25;A000476;3638616237621EEBA4EF73792BE10EAE;32204;900523378;3638616237621EEBA4EF73792BE10EAE;72;2;2.16
M008;2021-02-25;A000477;005056A75DDC1EEAA9BC2CA7D9AA66EE;7000009745;900523385;005056A75DDC1EEAA9BC2CA7D9AA66EE;97;1;240
M003;2021-02-25;A000478;005056A75DDC1EEAA9BC2CA7D9AA66EE;7000009745;901232569;005056A75DDC1EEAA9BC2CA7D9AA66EE;97;1;240
M003;2021-02-25;A000479;005056A75DDC1EEAA9BC2CA7D9AA66EE;7000009745;901232569;005056A75DDC1EEAA9BC2CA7D9AA66EE;97;1;240
M007;2021-02-25;A000480;3638616237621EEBA4EF73792BE10EAE;32204;901274304;3638616237621EEBA4EF73792BE10EAE;72;2;2.16
M008;2021-02-26;A000481;005056A75DDC1EEAA9BC2CA7D9AA66EE;7000009745;901215160;005056A75DDC1EEAA9BC2CA7D9AA66EE;97;1;240
M005;2021-02-28;A000482;005056A75DDC1EEAA9BC2CA7D9AA66EE;7000009745;901247384;005056A75DDC1EEAA9BC2CA7D9AA66EE;97;1;240
M003;2021-02-28;A000483;005056A75DDC1EEAA9BC2CA7D9AA66EE;7000009745;901258376;005056A75DDC1EEAA9BC2CA7D9AA66EE;97;1;240
M012;2021-02-28;A000484;3638616237621EEBA4EF77DF8B364EB8;70245;901288744;3638616237621EEBA4EF77DF8B364EB8;316;2;63.2
M003;2021-01-01;A000485;3638616237621EEBA4EF73792BE10EAE;32204;906019137;3638616237621EEBA4EF73792BE10EAE;72;2;2.16
M001;2021-01-01;A000486;005056A75DDC1EEAA9BC2CA7D9AA66EE;7000009745;906055870;005056A75DDC1EEAA9BC2CA7D9AA66EE;97;1;240
M001;2021-01-01;A000487;005056A75DDC1EEAA9BC2CA7D9AA66EE;7000009745;906090726;005056A75DDC1EEAA9BC2CA7D9AA66EE;97;1;240
M014;2021-01-02;A000488;005056A75DDC1EEAA9BC2CA7D9AA66EE;7000009745;905942139;005056A75DDC1EEAA9BC2CA7D9AA66EE;97;1;240
M003;2021-01-02;A000489;005056A75DDC1EEAA9BC2CA7D9AA66EE;7000009745;906149016;005056A75DDC1EEAA9BC2CA7D9AA66EE;97;1;240
M003;2021-01-03;A000490;3638616237621EEBA4EF73792BE10EAE;32204;906078775;3638616237621EEBA4EF73792BE10EAE;72;2;2.16
M002;2021-01-03;A000491;005056A75DDC1EEAA9BC2CA7D9AA66EE;7000009745;906089252;005056A75DDC1EEAA9BC2CA7D9AA66EE;97;1;240
M011;2021-01-03;A000492;005056A75DDC1EEAA9BC2CA7D9AA66EE;7000009745;906157172;005056A75DDC1EEAA9BC2CA7D9AA66EE;97;1;240
M005;2021-01-04;A000493;005056A75DDC1EEAA9BC2CA7D9AA66EE;7000009745;906154527;005056A75DDC1EEAA9BC2CA7D9AA66EE;97;1;240
M005;2021-01-04;A000494;005056A75DDC1EEAA9BC2CA7D9AA66EE;7000009745;906154527;005056A75DDC1EEAA9BC2CA7D9AA66EE;97;1;240
M001;2021-01-04;A000495;005056A75DDC1EEAA9BC2CA7D9AA66EE;7000009745;906213951;005056A75DDC1EEAA9BC2CA7D9AA66EE;97;1;240
M004;2021-01-05;A000496;005056A75DDC1EEAA9BC2CA7D9AA66EE;7000009745;906159784;005056A75DDC1EEAA9BC2CA7D9AA66EE;97;1;240
M009;2021-01-05;A000497;3638616237621EEBA4EF73792BE10EAE;32204;906295131;3638616237621EEBA4EF73792BE10EAE;72;2;2.16
M003;2021-01-05;A000498;005056A75DDC1EEAA9BC2CA7D9AA66EE;7000009745;906309217;005056A75DDC1EEAA9BC2CA7D9AA66EE;97;1;240
M005;2021-01-06;A000499;005056A75DDC1EEAA9BC2CA7D9AA66EE;7000009745;906251359;005056A75DDC1EEAA9BC2CA7D9AA66EE;97;1;240
M011;2021-01-06;A000500;005056A75DDC1EEAA9BC2CA7D9AA66EE;7000009745;906313897;005056A75DDC1EEAA9BC2CA7D9AA66EE;97;1;240
M009;2021-01-06;A000501;3638616237621EEBA4EF84B64BB40F85;55414;906314905;3638616237621EEBA4EF84B64BB40F85;23;1;50
M003;2021-01-07;A000502;005056A75DDC1EEAA9BC2CA7D9AA66EE;7000009745;906309710;005056A75DDC1EEAA9BC2CA7D9AA66EE;97;1;240
M003;2021-01-07;A000503;005056A75DDC1EEAA9BC2CA7D9AA66EE;7000009745;906309710;005056A75DDC1EEAA9BC2CA7D9AA66EE;97;1;240
M012;2021-01-07;A000504;005056A75DDC1EEAA9BC2CA7D9AA66EE;7000009745;906353036;005056A75DDC1EEAA9BC2CA7D9AA66EE;97;1;240
M003;2021-01-08;A000505;005056A75DDC1EEAA9BC2CA7D9AA66EE;7000009745;906355729;005056A75DDC1EEAA9BC2CA7D9AA66EE;97;1;240
M003;2021-01-08;A000506;005056A75DDC1EEAA9BC2CA7D9AA66EE;7000009745;906442624;005056A75DDC1EEAA9BC2CA7D9AA66EE;97;1;240
M004;2021-01-08;A000507;3638616237621EEBA4EF73792BE10EAE;32204;906456837;3638616237621EEBA4EF73792BE10EAE;72;2;2.16
M002;2021-01-09;A000508;005056A75DDC1EEAA9BC2CA7D9AA66EE;7000009745;906431806;005056A75DDC1EEAA9BC2CA7D9AA66EE;97;1;240
M014;2021-01-09;A000509;3638616237621EEBA4EF73792BE10EAE;32204;906439012;3638616237621EEBA4EF73792BE10EAE;72;2;2.16
M014;2021-01-09;A000510;3638616237621EEBA4EF73792BE10EAE;32204;906439012;3638616237621EEBA4EF73792BE10EAE;72;2;2.16
M010;2021-01-09;A000511;005056A75DDC1EEAAAB5461946344AFB;95035;906555539;005056A75DDC1EEAAAB5461946344AFB;1516;1;240
M008;2021-01-10;A000512;005056A75DDC1EEAA9BC2CA7D9AA66EE;7000009745;906530463;005056A75DDC1EEAA9BC2CA7D9AA66EE;97;1;240
M011;2021-01-10;A000513;005056A75DDC1EEAA9BC2CA7D9AA66EE;7000009745;906541933;005056A75DDC1EEAA9BC2CA7D9AA66EE;97;1;240
M008;2021-01-10;A000514;005056A75DDC1EEAAAB5461946344AFB;95035;906604463;005056A75DDC1EEAAAB5461946344AFB;1516;1;240
M004;2021-01-11;A000515;3638616237621EEBA4EF84B64BB40F85;55414;906431805;3638616237621EEBA4EF84B64BB40F85;23;1;50
M013;2021-01-11;A000516;005056A75DDC1EEAA9BC2CA7D9AA66EE;7000009745;906519015;005056A75DDC1EEAA9BC2CA7D9AA66EE;97;1;240
M003;2021-01-11;A000517;005056A75DDC1EEAA9BC2CA7D9AA66EE;7000009745;906533337;005056A75DDC1EEAA9BC2CA7D9AA66EE;97;1;240
M004;2021-01-12;A000518;005056A75DDC1EEAA9BC2CA7D9AA66EE;7000009745;906401740;005056A75DDC1EEAA9BC2CA7D9AA66EE;97;1;240
M008;2021-01-12;A000519;3638616237621EEBA4EF73792BE10EAE;32204;906595040;3638616237621EEBA4EF73792BE10EAE;72;2;2.16
M008;2021-01-12;A000520;3638616237621ECJIO7R77DF8B364EB8;55414;906595040;3638616237621ECJIO7R77DF8B364EB8;23;2;2.3
M011;2021-01-12;A000521;005056A75DDC1EEAAAB5461946344AFB;95035;906610654;005056A75DDC1EEAAAB5461946344AFB;1516;1;240
M004;2021-01-12;A000522;005056A75DDC1EEAA9BC2CA7D9AA66EE;7000009745;906660407;005056A75DDC1EEAA9BC2CA7D9AA66EE;97;1;240
M005;2021-01-13;A000523;005056A75DDC1EEAA9BC2CA7D9AA66EE;7000009745;906601068;005056A75DDC1EEAA9BC2CA7D9AA66EE;97;1;240
M001;2021-01-14;A000524;005056A75DDC1EEAA9BC2CA7D9AA66EE;7000009745;906597920;005056A75DDC1EEAA9BC2CA7D9AA66EE;97;1;240
M005;2021-01-15;A000525;005056A75DDC1EEAA9BC2CA7D9AA66EE;7000009745;906555901;005056A75DDC1EEAA9BC2CA7D9AA66EE;97;1;240
M006;2021-01-15;A000526;3638616237621EEBA4EF84B64BB40F85;55414;906610655;3638616237621EEBA4EF84B64BB40F85;23;1;50
M006;2021-01-15;A000527;3638616237621EEBA4EF75D65ADA0EB1;55417;906610655;3638616237621EEBA4EF75D65ADA0EB1;985;1;60
M006;2021-01-15;A000528;3638616237621EEBA4EF75D65ADA0EB1;55417;906610655;3638616237621EEBA4EF75D65ADA0EB1;985;1;60
M006;2021-01-15;A000529;005056A75DDC1EEAAAB458BDA341E971;55480;906610655;005056A75DDC1EEAAAB458BDA341E971;97;1;240
M010;2021-01-16;A000530;3638616237621EEBA4EF73792BE10EAE;32204;906698752;3638616237621EEBA4EF73792BE10EAE;72;2;2.16
M008;2021-01-16;A000531;005056A75DDC1EEAA9BC2CA7D9AA66EE;7000009745;906705969;005056A75DDC1EEAA9BC2CA7D9AA66EE;97;1;240
M011;2021-01-17;A000532;005056A75DDC1EEAA9BC2CA7D9AA66EE;7000009745;906698327;005056A75DDC1EEAA9BC2CA7D9AA66EE;97;1;240
M001;2021-01-18;A000533;005056A75DDC1EEAA9BC2CA7D9AA66EE;7000009745;906635705;005056A75DDC1EEAA9BC2CA7D9AA66EE;97;1;240
M010;2021-01-19;A000534;005056A75DDC1EEAA9BC2CA7D9AA66EE;7000009745;906766710;005056A75DDC1EEAA9BC2CA7D9AA66EE;97;1;240
M012;2021-01-20;A000535;005056A75DDC1EEAA9BC2CA7D9AA66EE;7000009745;906793715;005056A75DDC1EEAA9BC2CA7D9AA66EE;97;1;240
M011;2021-01-21;A000536;005056A75DDC1EEAA9BC2CA7D9AA66EE;7000009745;906792665;005056A75DDC1EEAA9BC2CA7D9AA66EE;97;1;240
M003;2021-01-22;A000537;005056A75DDC1EEAA9BC2CA7D9AA66EE;7000009745;906800930;005056A75DDC1EEAA9BC2CA7D9AA66EE;97;1;240
M010;2021-01-23;A000538;005056A75DDC1EEAA9BC2CA7D9AA66EE;7000009745;906819303;005056A75DDC1EEAA9BC2CA7D9AA66EE;97;1;240
M006;2021-01-24;A000539;005056A75DDC1EEAA9BC2CA7D9AA66EE;7000009745;906822782;005056A75DDC1EEAA9BC2CA7D9AA66EE;97;1;240
M008;2021-01-25;A000540;005056A75DDC1EEAA9BC2CA7D9AA66EE;7000009745;906785900;005056A75DDC1EEAA9BC2CA7D9AA66EE;97;1;240
M001;2021-01-26;A000541;005056A75DDC1EEAA9BC2CA7D9AA66EE;7000009745;906731444;005056A75DDC1EEAA9BC2CA7D9AA66EE;97;1;240
M006;2021-01-27;A000542;3638616237621EEBA4EF73792BE10EAE;32204;906849317;3638616237621EEBA4EF73792BE10EAE;72;2;2.16
M008;2021-01-27;A000543;005056A75DDC1EEAA9BC2CA7D9AA66EE;7000009745;906876528;005056A75DDC1EEAA9BC2CA7D9AA66EE;97;1;240
M003;2021-01-28;A000544;005056A75DDC1EEAA9BC2CA7D9AA66EE;7000009745;906914235;005056A75DDC1EEAA9BC2CA7D9AA66EE;97;1;240
M003;2021-01-28;A000545;005056A75DDC1EEAA9BC2CA7D9AA66EE;7000009745;906914235;005056A75DDC1EEAA9BC2CA7D9AA66EE;97;1;240
M011;2021-01-29;A000546;005056A75DDC1EEAAAB458BDA341E971;55480;906944331;005056A75DDC1EEAAAB458BDA341E971;97;1;240
M010;2021-01-30;A000547;005056A75DDC1EEAA9BC2CA7D9AA66EE;7000009745;906963708;005056A75DDC1EEAA9BC2CA7D9AA66EE;97;1;240
M009;2021-01-31;A000548;3638616237621EEBA4EF73792BE10EAE;32204;906979018;3638616237621EEBA4EF73792BE10EAE;72;2;2.16
M001;2021-02-01;A000549;005056A75DDC1EEAA9BC2CA7D9AA66EE;7000009745;906790306;005056A75DDC1EEAA9BC2CA7D9AA66EE;97;1;240
M001;2021-02-02;A000550;005056A75DDC1EEAA9BC2CA7D9AA66EE;7000009745;906883099;005056A75DDC1EEAA9BC2CA7D9AA66EE;97;1;240
M008;2021-02-02;A000551;005056A75DDC1EEAA9BC2CA7D9AA66EE;7000009745;906937530;005056A75DDC1EEAA9BC2CA7D9AA66EE;97;1;240
M001;2021-02-02;A000552;005056A75DDC1EEAAAB458BDA341E971;55480;907105709;005056A75DDC1EEAAAB458BDA341E971;97;1;240
M003;2021-02-03;A000553;005056A75DDC1EEAA9BC2CA7D9AA66EE;7000009745;907082153;005056A75DDC1EEAA9BC2CA7D9AA66EE;97;1;240
M011;2021-02-04;A000554;005056A75DDC1EEAA9BC2CA7D9AA66EE;7000009745;907105707;005056A75DDC1EEAA9BC2CA7D9AA66EE;97;1;240
M012;2021-02-05;A000555;005056A75DDC1EEAA9BC2CA7D9AA66EE;7000009745;907070540;005056A75DDC1EEAA9BC2CA7D9AA66EE;97;1;240
M012;2021-02-06;A000556;005056A75DDC1EEAA9BC2CA7D9AA66EE;7000009745;907141106;005056A75DDC1EEAA9BC2CA7D9AA66EE;97;1;240
M001;2021-02-06;A000557;3638616237621EEBA4EF73792BE10EAE;32204;907143967;3638616237621EEBA4EF73792BE10EAE;72;2;2.16
M010;2021-02-07;A000558;005056A75DDC1EEAA9BC2CA7D9AA66EE;7000009745;907081221;005056A75DDC1EEAA9BC2CA7D9AA66EE;97;1;240
M005;2021-02-08;A000559;3638616237621EEBA4EF73792BE10EAE;32204;907158237;3638616237621EEBA4EF73792BE10EAE;72;2;2.16
M014;2021-02-09;A000560;005056A75DDC1EEAA9BC2CA7D9AA66EE;7000009745;907203202;005056A75DDC1EEAA9BC2CA7D9AA66EE;97;1;240
M011;2021-02-10;A000561;005056A75DDC1EEAA9BC2CA7D9AA66EE;7000009745;907199836;005056A75DDC1EEAA9BC2CA7D9AA66EE;97;1;240
M015;2021-02-11;A000562;005056A75DDC1EEAA9BC2CA7D9AA66EE;7000009745;907205285;005056A75DDC1EEAA9BC2CA7D9AA66EE;97;1;240
M004;2021-02-12;A000563;005056A75DDC1EEAA9BC2CA7D9AA66EE;7000009745;907238215;005056A75DDC1EEAA9BC2CA7D9AA66EE;97;1;240
M004;2021-02-12;A000564;005056A75DDC1EEAA9BC2CA7D9AA66EE;7000009745;907238215;005056A75DDC1EEAA9BC2CA7D9AA66EE;97;1;240
M009;2021-02-13;A000565;005056A75DDC1EEAA9BC2CA7D9AA66EE;7000009745;907197190;005056A75DDC1EEAA9BC2CA7D9AA66EE;97;1;240
M001;2021-02-14;A000566;3638616237621EEBA4EF73792BE10EAE;32204;907315411;3638616237621EEBA4EF73792BE10EAE;72;2;2.16
M001;2021-02-14;A000567;005056A75DDC1EEAA9BC2CA7D9AA66EE;7000009745;907315412;005056A75DDC1EEAA9BC2CA7D9AA66EE;97;1;240
M001;2021-02-15;A000568;005056A75DDC1EEAA9BC2CA7D9AA66EE;7000009745;907098946;005056A75DDC1EEAA9BC2CA7D9AA66EE;97;1;240
M004;2021-02-16;A000569;005056A75DDC1EEAA9BC2CA7D9AA66EE;7000009745;907249041;005056A75DDC1EEAA9BC2CA7D9AA66EE;97;1;240
M011;2021-02-17;A000570;3638616237621EEBA4EF73792BE10EAE;32204;907338272;3638616237621EEBA4EF73792BE10EAE;72;2;2.16
M011;2021-02-17;A000571;3638616237621EEBA4EF84B64BB40F85;55414;907338272;3638616237621EEBA4EF84B64BB40F85;23;1;50
M011;2021-02-17;A000572;3638616237621EEBA4EF75D65ADA0EB1;55417;907338272;3638616237621EEBA4EF75D65ADA0EB1;985;1;60
M011;2021-02-17;A000573;005056A75DDC1EEAAAB458BDA341E971;55480;907338272;005056A75DDC1EEAAAB458BDA341E971;97;1;240
M001;2021-02-17;A000574;005056A75DDC1EEAA9BC2CA7D9AA66EE;7000009745;907390863;005056A75DDC1EEAA9BC2CA7D9AA66EE;97;1;240
M004;2021-02-18;A000575;005056A75DDC1EEAA9BC2CA7D9AA66EE;7000009745;907291997;005056A75DDC1EEAA9BC2CA7D9AA66EE;97;1;240
M007;2021-02-19;A000576;005056A75DDC1EEAA9BC2CA7D9AA66EE;7000009745;907315981;005056A75DDC1EEAA9BC2CA7D9AA66EE;97;1;240
M001;2021-02-19;A000577;005056A75DDC1EEAA9BC2CA7D9AA66EE;7000009745;907344787;005056A75DDC1EEAA9BC2CA7D9AA66EE;97;1;240
M001;2021-02-19;A000578;005056A75DDC1EEAA9BC2CA7D9AA66EE;7000009745;907344787;005056A75DDC1EEAA9BC2CA7D9AA66EE;97;1;240
M006;2021-02-19;A000579;3638616237621EEBA4EF73792BE10EAE;32204;907392734;3638616237621EEBA4EF73792BE10EAE;72;2;2.16
M003;2021-02-19;A000580;005056A75DDC1EEAA9BC2CA7D9AA66EE;7000009745;907426170;005056A75DDC1EEAA9BC2CA7D9AA66EE;97;1;240
M012;2021-02-20;A000581;005056A75DDC1EEAA9BC2CA7D9AA66EE;7000009745;907411771;005056A75DDC1EEAA9BC2CA7D9AA66EE;97;1;240
M012;2021-02-20;A000582;3638616237621EEBA4EF73792BE10EAE;32204;907421529;3638616237621EEBA4EF73792BE10EAE;72;2;2.16
M006;2021-02-21;A000583;005056A75DDC1EEAA9BC2CA7D9AA66EE;7000009745;907353010;005056A75DDC1EEAA9BC2CA7D9AA66EE;97;1;240
M006;2021-02-21;A000584;3638616237621EEBA4EF73792BE10EAE;32204;907453297;3638616237621EEBA4EF73792BE10EAE;72;2;2.16
M001;2021-02-22;A000585;3638616237621EEBA4EF73792BE10EAE;32204;907452008;3638616237621EEBA4EF73792BE10EAE;72;2;2.16
M003;2021-02-22;A000586;005056A75DDC1EEAA9BC2CA7D9AA66EE;7000009745;907463511;005056A75DDC1EEAA9BC2CA7D9AA66EE;97;1;240
M001;2021-02-22;A000587;005056A75DDC1EEAAAB5461946344AFB;95035;907473390;005056A75DDC1EEAAAB5461946344AFB;1516;1;240
M003;2021-02-23;A000588;005056A75DDC1EEAA9BC2CA7D9AA66EE;7000009745;907501560;005056A75DDC1EEAA9BC2CA7D9AA66EE;97;1;240
M009;2021-02-24;A000589;005056A75DDC1EEAA9BC2CA7D9AA66EE;7000009745;907541648;005056A75DDC1EEAA9BC2CA7D9AA66EE;97;1;240
M012;2021-02-25;A000590;005056A75DDC1EEAAAB458BDA341E971;55480;907543343;005056A75DDC1EEAAAB458BDA341E971;97;1;240
M012;2021-02-25;A000591;005056A75DDC1EEAAAB5461946344AFB;95035;907543343;005056A75DDC1EEAAAB5461946344AFB;1516;1;240
M004;2021-02-26;A000592;005056A75DDC1EEAA9BC2CA7D9AA66EE;7000009745;907601607;005056A75DDC1EEAA9BC2CA7D9AA66EE;97;1;240
M002;2021-02-27;A000593;005056A75DDC1EEAA9BC2CA7D9AA66EE;7000009745;907597584;005056A75DDC1EEAA9BC2CA7D9AA66EE;97;1;240
M002;2021-02-27;A000594;005056A75DDC1EEAA9BC2CA7D9AA66EE;7000009745;907597584;005056A75DDC1EEAA9BC2CA7D9AA66EE;97;1;240
M003;2021-02-28;A000595;005056A75DDC1EEAAAB458BDA341E971;55480;907475139;005056A75DDC1EEAAAB458BDA341E971;97;1;240
M003;2021-02-28;A000596;3638616237621EEBA4EF77DF8B364EB8;70245;907475139;3638616237621EEBA4EF77DF8B364EB8;316;2;63.2
M008;2021-02-28;A000597;005056A75DDC1EEAA9BC2CA7D9AA66EE;7000009745;907638989;005056A75DDC1EEAA9BC2CA7D9AA66EE;97;1;240
