"date","region","matdirec","quantity","distr_chan"
2021-02-01,R002,"10",30,"1"
2021-02-01,R003,"51",20,"2"
2021-02-01,R004,"71",68,"1"
2021-02-01,R001,"14",56,"2"
2021-02-01,R001,"34",43,"2"
2021-02-01,R003,"05",31,"1"
2021-02-01,R003,"14",51,"2"
2021-02-01,R004,"34",72,"1"
2021-02-01,R004,"93",37,"1"
2021-02-01,R004,"93",38,"2"
2021-02-01,R004,"86",55,"2"
2021-02-01,R001,"24",50,"2"
2021-02-01,R003,"24",92,"2"
2021-02-01,R001,"18",86,"2"
2021-02-01,R001,"53",59,"2"
2021-02-01,R003,"60",99,"1"
2021-02-01,R004,"66",14,"1"
2021-02-01,R004,"18",87,"2"
2021-02-01,R003,"41",26,"2"
2021-02-01,R003,"09",68,"1"
2021-02-01,R001,"13",52,"2"
2021-02-01,R001,"63",54,"2"
2021-02-01,R003,"27",98,"1"
2021-02-01,R003,"54",9,"2"
2021-02-01,R004,"54",30,"1"
2021-02-01,R004,"82",83,"1"
2021-02-01,R002,"87",24,"2"
2021-02-01,R004,"43",64,"2"
2021-02-01,R002,"68",38,"2"
2021-02-01,R001,"72",9,"1"
2021-02-01,R001,"74",76,"1"
2021-02-01,R002,"74",83,"2"
2021-02-01,R003,"72",46,"2"
2021-02-01,R003,"76",14,"2"
2021-02-01,R002,"46",91,"1"
2021-02-01,R002,"46",49,"2"
2021-02-01,R002,"58",63,"1"
2021-02-01,R003,"30",86,"2"
2021-02-01,R004,"30",99,"2"
2021-02-01,R003,"70",12,"1"
2021-02-01,R004,"65",28,"2"
2021-06-28,R001,"11",18,"2"
2021-06-18,R002,"11",55,"1"
2021-06-22,R002,"11",46,"2"
2021-06-14,R003,"11",63,"1"
2021-06-18,R003,"11",80,"2"
2021-06-21,R004,"11",75,"1"
2021-06-11,R004,"11",72,"2"
2021-07-22,R001,"11",32,"1"
2021-07-18,R001,"11",63,"2"
2021-07-16,R002,"11",1,"1"
2021-07-30,R002,"11",52,"2"
2021-07-23,R003,"11",10,"1"
2021-07-19,R003,"11",24,"2"
2021-07-19,R004,"11",25,"1"
2021-07-11,R004,"11",54,"2"
2021-01-25,R001,"65",35,"1"
2021-01-16,R001,"70",57,"1"
2021-01-23,R001,"65",9,"2"
2021-01-25,R001,"70",33,"2"
2021-01-27,R002,"65",88,"1"
2021-01-10,R002,"70",44,"1"
2021-01-21,R002,"65",41,"2"
2021-01-12,R002,"70",31,"2"
2021-01-11,R003,"65",30,"1"
2021-01-18,R003,"70",71,"1"
2021-01-30,R003,"65",75,"2"
2021-01-10,R003,"70",71,"2"
2021-01-28,R004,"65",35,"1"
2021-01-20,R004,"70",67,"1"
2021-01-10,R004,"65",39,"2"
2021-01-24,R004,"70",29,"2"
2021-02-18,R001,"65",73,"1"
2021-02-18,R001,"70",52,"1"
2021-02-15,R001,"65",5,"2"
2021-02-22,R001,"70",16,"2"
2021-02-26,R002,"65",67,"1"
2021-02-26,R002,"70",81,"1"
2021-02-24,R002,"65",32,"2"
2021-02-18,R002,"70",60,"2"
2021-02-13,R003,"65",58,"1"
2021-02-17,R003,"65",100,"2"
2021-02-27,R003,"70",99,"2"
2021-02-18,R004,"65",22,"1"
2021-02-27,R004,"70",4,"1"
2021-02-13,R004,"70",23,"2"
2021-03-13,R001,"65",31,"1"
2021-03-21,R001,"70",99,"1"
2021-03-28,R001,"65",32,"2"
2021-03-10,R001,"70",52,"2"
2021-03-21,R002,"65",57,"1"
2021-03-19,R002,"70",96,"1"
2021-03-12,R002,"65",38,"2"
2021-03-22,R002,"70",6,"2"
2021-03-28,R003,"65",12,"1"
2021-03-11,R003,"70",47,"1"
2021-03-23,R003,"65",86,"2"
2021-03-25,R003,"70",33,"2"
2021-03-21,R004,"65",49,"1"
2021-03-23,R004,"70",66,"1"
2021-03-18,R004,"65",48,"2"
2021-03-29,R004,"70",85,"2"
2021-04-11,R001,"65",77,"1"
2021-04-23,R001,"70",97,"1"
2021-04-21,R001,"65",90,"2"
2021-04-28,R001,"70",96,"2"
2021-04-19,R002,"65",36,"1"
2021-04-14,R002,"70",35,"1"
2021-04-15,R002,"65",39,"2"
2021-04-23,R002,"70",20,"2"
2021-04-13,R003,"65",57,"1"
2021-04-23,R003,"70",5,"1"
2021-04-19,R003,"65",50,"2"
2021-04-22,R003,"70",22,"2"
2021-04-20,R004,"65",6,"1"
2021-04-17,R004,"70",13,"1"
2021-04-25,R004,"65",31,"2"
2021-04-23,R004,"70",31,"2"
2021-05-29,R001,"65",100,"1"
2021-05-23,R001,"70",63,"1"
2021-05-23,R001,"65",35,"2"
2021-05-20,R001,"70",93,"2"
2021-05-11,R002,"65",52,"1"
2021-05-25,R002,"70",58,"1"
2021-05-12,R002,"65",51,"2"
2021-05-30,R002,"70",52,"2"
2021-05-27,R003,"65",23,"1"
2021-05-25,R003,"70",68,"1"
2021-05-25,R003,"65",33,"2"
2021-05-18,R003,"70",1,"2"
2021-05-18,R004,"65",42,"1"
2021-05-13,R004,"70",55,"1"
2021-05-17,R004,"65",77,"2"
2021-05-20,R004,"70",94,"2"
2021-06-27,R001,"65",50,"1"
2021-06-28,R001,"70",100,"1"
2021-06-17,R001,"65",69,"2"
2021-06-15,R001,"70",89,"2"
2021-06-12,R002,"65",14,"1"
2021-06-23,R002,"70",51,"1"
2021-06-28,R002,"65",67,"2"
2021-06-15,R002,"70",38,"2"
2021-06-15,R003,"65",57,"1"
2021-06-16,R003,"70",32,"1"
2021-06-28,R003,"65",99,"2"
2021-06-26,R003,"70",41,"2"
2021-06-24,R004,"65",60,"1"
2021-06-23,R004,"70",32,"1"
2021-06-18,R004,"65",31,"2"
2021-06-23,R004,"70",14,"2"
2021-07-15,R001,"65",76,"1"
2021-07-11,R001,"70",45,"1"
2021-07-12,R001,"65",18,"2"
2021-07-17,R001,"70",68,"2"
2021-07-26,R002,"65",41,"1"
2021-07-14,R002,"70",90,"1"
2021-07-16,R002,"65",17,"2"
2021-07-23,R002,"70",39,"2"
2021-07-30,R003,"65",10,"1"
2021-07-11,R003,"70",49,"1"
2021-07-10,R003,"65",6,"2"
2021-07-17,R003,"70",5,"2"
2021-07-14,R004,"65",62,"1"
2021-07-18,R004,"70",51,"1"
2021-07-27,R004,"65",9,"2"
2021-07-10,R004,"70",44,"2"
2021-01-16,R001,"10",19,"1"
2021-01-14,R001,"51",56,"1"
2021-01-15,R001,"59",44,"1"
2021-01-18,R001,"64",29,"1"
2021-01-27,R001,"71",16,"1"
2021-01-12,R001,"10",93,"2"
2021-01-24,R001,"51",75,"2"
2021-01-12,R001,"59",91,"2"
2021-01-19,R001,"64",4,"2"
2021-01-21,R001,"71",11,"2"
2021-01-28,R002,"10",44,"1"
2021-01-13,R002,"51",49,"1"
2021-01-13,R002,"59",29,"1"
2021-01-15,R002,"64",83,"1"
2021-01-26,R002,"71",45,"1"
2021-01-18,R002,"10",31,"2"
2021-01-16,R002,"51",40,"2"
2021-01-29,R002,"59",45,"2"
2021-01-26,R002,"64",55,"2"
2021-01-12,R002,"71",66,"2"
2021-01-12,R003,"10",91,"1"
2021-01-12,R003,"51",29,"1"
2021-01-25,R003,"59",60,"1"
2021-01-11,R003,"64",8,"1"
2021-01-13,R003,"71",97,"1"
2021-01-26,R003,"10",64,"2"
2021-01-19,R003,"51",18,"2"
2021-01-18,R003,"59",12,"2"
2021-01-13,R003,"64",8,"2"
2021-01-16,R003,"71",16,"2"
2021-01-18,R004,"10",31,"1"
2021-01-20,R004,"51",26,"1"
2021-01-20,R004,"59",77,"1"
2021-01-24,R004,"64",49,"1"
2021-01-28,R004,"71",4,"1"
2021-01-16,R004,"10",62,"2"
2021-01-27,R004,"51",2,"2"
2021-01-21,R004,"59",88,"2"
2021-01-18,R004,"64",57,"2"
2021-01-15,R004,"71",84,"2"
2021-02-11,R001,"10",56,"1"
2021-02-15,R001,"51",65,"1"
2021-02-19,R001,"59",82,"1"
2021-02-15,R001,"64",6,"1"
2021-02-21,R001,"71",85,"1"
2021-02-15,R001,"10",77,"2"
2021-02-24,R001,"51",22,"2"
2021-02-28,R001,"59",56,"2"
2021-02-13,R001,"64",95,"2"
2021-02-19,R001,"71",60,"2"
2021-02-16,R002,"51",51,"1"
2021-02-22,R002,"59",43,"1"
2021-02-25,R002,"64",93,"1"
2021-02-17,R002,"71",70,"1"
2021-02-25,R002,"10",29,"2"
2021-02-20,R002,"51",10,"2"
2021-02-27,R002,"59",12,"2"
2021-02-12,R002,"64",53,"2"
2021-02-24,R002,"71",20,"2"
2021-02-12,R003,"10",79,"1"
2021-02-21,R003,"51",20,"1"
2021-02-13,R003,"59",20,"1"
2021-02-23,R003,"64",80,"1"
2021-02-14,R003,"71",26,"1"
2021-02-10,R003,"10",12,"2"
2021-02-10,R003,"59",2,"2"
2021-02-22,R003,"64",69,"2"
2021-02-17,R003,"71",95,"2"
2021-02-16,R004,"10",6,"1"
2021-02-23,R004,"51",77,"1"
2021-02-23,R004,"59",47,"1"
2021-02-26,R004,"64",19,"1"
2021-02-13,R004,"10",2,"2"
2021-02-10,R004,"51",35,"2"
2021-02-22,R004,"59",95,"2"
2021-02-10,R004,"64",24,"2"
2021-02-14,R004,"71",23,"2"
2021-03-10,R001,"10",18,"1"
2021-03-10,R001,"51",52,"1"
2021-03-20,R001,"59",58,"1"
2021-03-22,R001,"64",93,"1"
2021-03-25,R001,"71",46,"1"
2021-03-28,R001,"10",28,"2"
2021-03-17,R001,"51",36,"2"
2021-03-15,R001,"59",60,"2"
2021-03-24,R001,"64",92,"2"
2021-03-20,R001,"71",42,"2"
2021-03-29,R002,"10",92,"1"
2021-03-27,R002,"51",18,"1"
2021-03-10,R002,"59",87,"1"
2021-03-12,R002,"64",10,"1"
2021-03-19,R002,"71",97,"1"
2021-03-15,R002,"10",10,"2"
2021-03-13,R002,"51",35,"2"
2021-03-18,R002,"59",60,"2"
2021-03-15,R002,"64",4,"2"
2021-03-25,R002,"71",100,"2"
2021-03-26,R003,"10",24,"1"
2021-03-22,R003,"51",63,"1"
2021-03-18,R003,"59",1,"1"
2021-03-18,R003,"64",5,"1"
2021-03-17,R003,"71",44,"1"
2021-03-17,R003,"10",12,"2"
2021-03-22,R003,"51",75,"2"
2021-03-17,R003,"59",33,"2"
2021-03-29,R003,"64",46,"2"
2021-03-23,R003,"71",32,"2"
2021-03-21,R004,"10",48,"1"
2021-03-30,R004,"51",38,"1"
2021-03-23,R004,"59",97,"1"
2021-03-11,R004,"64",95,"1"
2021-03-22,R004,"71",9,"1"
2021-03-17,R004,"10",23,"2"
2021-03-29,R004,"51",2,"2"
2021-03-29,R004,"59",39,"2"
2021-03-23,R004,"64",13,"2"
2021-03-23,R004,"71",18,"2"
2021-04-19,R001,"10",63,"1"
2021-04-22,R001,"51",43,"1"
2021-04-20,R001,"59",2,"1"
2021-04-19,R001,"64",93,"1"
2021-04-24,R001,"71",49,"1"
2021-04-29,R001,"10",85,"2"
2021-04-24,R001,"51",6,"2"
2021-04-28,R001,"59",18,"2"
2021-04-17,R001,"64",70,"2"
2021-04-30,R001,"71",65,"2"
2021-04-23,R002,"10",33,"1"
2021-04-12,R002,"51",94,"1"
2021-04-21,R002,"59",58,"1"
2021-04-11,R002,"64",10,"1"
2021-04-20,R002,"71",1,"1"
2021-04-28,R002,"10",35,"2"
2021-04-18,R002,"51",45,"2"
2021-04-12,R002,"59",52,"2"
2021-04-15,R002,"64",29,"2"
2021-04-17,R002,"71",37,"2"
2021-04-25,R003,"10",76,"1"
2021-04-27,R003,"51",39,"1"
2021-04-16,R003,"59",10,"1"
2021-04-17,R003,"64",37,"1"
2021-04-28,R003,"71",51,"1"
2021-04-28,R003,"10",70,"2"
2021-04-25,R003,"51",18,"2"
2021-04-27,R003,"59",41,"2"
2021-04-27,R003,"64",42,"2"
2021-04-17,R003,"71",26,"2"
2021-04-20,R004,"10",85,"1"
2021-04-16,R004,"51",47,"1"
2021-04-29,R004,"59",38,"1"
2021-04-30,R004,"64",62,"1"
2021-04-26,R004,"71",83,"1"
2021-04-23,R004,"10",50,"2"
2021-04-29,R004,"51",77,"2"
2021-04-19,R004,"59",53,"2"
2021-04-21,R004,"64",29,"2"
2021-04-15,R004,"71",11,"2"
2021-05-19,R001,"10",48,"1"
2021-05-13,R001,"51",11,"1"
2021-05-17,R001,"59",7,"1"
2021-05-10,R001,"64",59,"1"
2021-05-15,R001,"71",44,"1"
2021-05-28,R001,"10",34,"2"
2021-05-29,R001,"51",63,"2"
2021-05-23,R001,"59",4,"2"
2021-05-30,R001,"64",25,"2"
2021-05-13,R001,"71",51,"2"
2021-05-30,R002,"10",59,"1"
2021-05-24,R002,"51",10,"1"
2021-05-10,R002,"59",58,"1"
2021-05-16,R002,"64",94,"1"
2021-05-11,R002,"71",72,"1"
2021-05-29,R002,"10",59,"2"
2021-05-13,R002,"51",8,"2"
2021-05-26,R002,"59",97,"2"
2021-05-26,R002,"64",16,"2"
2021-05-10,R002,"71",96,"2"
2021-05-13,R003,"10",4,"1"
2021-05-15,R003,"51",26,"1"
2021-05-16,R003,"59",94,"1"
2021-05-11,R003,"64",53,"1"
2021-01-14,R001,"67",69,"1"
2021-01-11,R001,"80",75,"1"
2021-01-25,R001,"67",68,"2"
2021-01-12,R001,"80",44,"2"
2021-01-21,R002,"67",55,"1"
2021-01-15,R002,"80",95,"1"
2021-01-18,R002,"67",7,"2"
2021-01-10,R002,"80",14,"2"
2021-01-18,R003,"67",95,"1"
2021-01-25,R003,"80",72,"1"
2021-01-10,R003,"67",1,"2"
2021-01-23,R003,"80",29,"2"
2021-01-23,R004,"67",73,"1"
2021-01-29,R004,"80",19,"1"
2021-01-16,R004,"67",93,"2"
2021-01-22,R004,"80",100,"2"
2021-02-12,R001,"67",29,"1"
2021-02-16,R001,"80",16,"1"
2021-02-16,R001,"67",91,"2"
2021-02-12,R001,"80",60,"2"
2021-02-22,R002,"67",88,"1"
2021-02-17,R002,"80",61,"1"
2021-02-11,R002,"67",32,"2"
2021-02-26,R002,"80",43,"2"
2021-02-12,R003,"67",81,"1"
2021-02-27,R003,"80",23,"1"
2021-02-26,R003,"67",3,"2"
2021-02-15,R003,"80",7,"2"
2021-02-11,R004,"67",29,"1"
2021-02-12,R004,"80",29,"1"
2021-02-17,R004,"67",92,"2"
2021-02-16,R004,"80",18,"2"
2021-03-14,R001,"67",21,"1"
2021-03-11,R001,"80",60,"1"
2021-03-19,R001,"67",68,"2"
2021-03-26,R001,"80",79,"2"
2021-03-16,R002,"67",33,"1"
2021-03-27,R002,"80",61,"1"
2021-03-26,R002,"67",91,"2"
2021-03-25,R002,"80",22,"2"
2021-03-21,R003,"67",17,"1"
2021-03-26,R003,"80",53,"1"
2021-03-18,R003,"67",16,"2"
2021-03-13,R003,"80",53,"2"
2021-03-25,R004,"67",55,"1"
2021-03-24,R004,"80",44,"1"
2021-03-26,R004,"67",24,"2"
2021-03-27,R004,"80",90,"2"
2021-04-10,R001,"67",87,"1"
2021-04-11,R001,"80",90,"1"
2021-04-30,R001,"67",26,"2"
2021-04-22,R001,"80",69,"2"
2021-04-19,R002,"67",10,"1"
2021-04-10,R002,"80",32,"1"
2021-04-17,R002,"67",78,"2"
2021-04-21,R002,"80",20,"2"
2021-04-28,R003,"67",7,"1"
2021-04-13,R003,"80",49,"1"
2021-04-27,R003,"67",24,"2"
2021-04-29,R003,"80",73,"2"
2021-04-15,R004,"67",57,"1"
2021-04-14,R004,"80",11,"1"
2021-04-15,R004,"67",2,"2"
2021-04-20,R004,"80",80,"2"
2021-05-15,R001,"67",3,"1"
2021-05-24,R001,"80",23,"1"
2021-05-15,R001,"67",62,"2"
2021-05-22,R001,"80",83,"2"
2021-05-20,R002,"67",67,"1"
2021-05-10,R002,"80",49,"1"
2021-05-16,R002,"67",88,"2"
2021-05-11,R002,"80",1,"2"
2021-05-27,R003,"67",42,"1"
2021-05-25,R003,"80",43,"1"
2021-05-15,R003,"67",91,"2"
2021-05-22,R003,"80",31,"2"
2021-05-19,R004,"67",6,"1"
2021-05-10,R004,"80",70,"1"
2021-05-19,R004,"67",95,"2"
2021-05-19,R004,"80",22,"2"
2021-06-12,R001,"67",45,"1"
2021-06-18,R001,"80",48,"1"
2021-06-10,R001,"67",75,"2"
2021-06-21,R001,"80",84,"2"
2021-06-19,R002,"67",63,"1"
2021-06-18,R002,"80",60,"1"
2021-06-12,R002,"67",100,"2"
2021-06-16,R002,"80",46,"2"
2021-06-21,R003,"67",51,"1"
2021-06-30,R003,"80",31,"1"
2021-06-15,R003,"67",79,"2"
2021-06-27,R003,"80",16,"2"
2021-06-13,R004,"67",52,"1"
2021-06-21,R004,"80",20,"1"
2021-06-16,R004,"67",39,"2"
2021-06-18,R004,"80",91,"2"
2021-07-14,R001,"67",88,"1"
2021-07-21,R001,"80",12,"1"
2021-07-10,R001,"67",51,"2"
2021-07-24,R001,"80",98,"2"
2021-07-22,R002,"67",40,"1"
2021-07-17,R002,"80",52,"1"
2021-07-26,R002,"67",61,"2"
2021-07-19,R002,"80",22,"2"
2021-07-11,R003,"67",24,"1"
2021-07-10,R003,"80",71,"1"
2021-07-10,R003,"67",45,"2"
2021-07-20,R003,"80",63,"2"
2021-07-11,R004,"67",23,"1"
2021-07-19,R004,"80",23,"1"
2021-07-30,R004,"67",99,"2"
2021-07-14,R004,"80",73,"2"
2021-01-28,R001,"05",70,"1"
2021-01-30,R001,"14",86,"1"
2021-01-25,R001,"34",43,"1"
2021-01-16,R001,"62",15,"1"
2021-01-17,R001,"93",9,"1"
2021-01-28,R001,"05",15,"2"
2021-01-23,R001,"14",65,"2"
2021-01-29,R001,"34",53,"2"
2021-01-27,R001,"62",68,"2"
2021-01-29,R001,"93",12,"2"
2021-01-25,R002,"05",86,"1"
2021-01-30,R002,"14",1,"1"
2021-01-19,R002,"34",78,"1"
2021-01-10,R002,"62",23,"1"
2021-01-18,R002,"93",84,"1"
2021-01-23,R002,"05",18,"2"
2021-01-22,R002,"14",90,"2"
2021-01-18,R002,"34",3,"2"
2021-01-17,R002,"62",4,"2"
2021-01-14,R002,"93",45,"2"
2021-01-25,R003,"05",42,"1"
2021-01-12,R003,"14",45,"1"
2021-01-23,R003,"34",68,"1"
2021-01-27,R003,"62",75,"1"
2021-01-13,R003,"93",74,"1"
2021-01-23,R003,"05",59,"2"
2021-01-17,R003,"14",62,"2"
2021-01-14,R003,"34",31,"2"
2021-01-12,R003,"62",43,"2"
2021-01-16,R003,"93",94,"2"
2021-01-18,R004,"05",56,"1"
2021-01-30,R004,"14",66,"1"
2021-01-16,R004,"34",87,"1"
2021-01-13,R004,"62",58,"1"
2021-01-16,R004,"93",62,"1"
2021-01-24,R004,"05",16,"2"
2021-01-10,R004,"14",40,"2"
2021-01-29,R004,"34",64,"2"
2021-01-22,R004,"62",59,"2"
2021-01-28,R004,"93",44,"2"
2021-02-27,R001,"05",91,"1"
2021-02-17,R001,"14",78,"1"
2021-02-27,R001,"34",90,"1"
2021-02-15,R001,"62",35,"1"
2021-02-18,R001,"93",78,"1"
2021-02-15,R001,"05",94,"2"
2021-02-23,R001,"62",15,"2"
2021-02-15,R001,"93",70,"2"
2021-02-13,R002,"05",47,"1"
2021-02-18,R002,"14",9,"1"
2021-02-18,R002,"34",59,"1"
2021-02-26,R002,"62",30,"1"
2021-02-15,R002,"93",17,"1"
2021-02-21,R002,"05",85,"2"
2021-02-19,R002,"14",34,"2"
2021-02-22,R002,"34",91,"2"
2021-02-25,R002,"62",19,"2"
2021-02-22,R002,"93",72,"2"
2021-02-13,R003,"14",22,"1"
2021-02-21,R003,"34",74,"1"
2021-02-15,R003,"62",35,"1"
2021-02-16,R003,"93",66,"1"
2021-02-28,R003,"05",72,"2"
2021-02-17,R003,"34",71,"2"
2021-02-26,R003,"62",74,"2"
2021-02-21,R003,"93",61,"2"
2021-02-14,R004,"05",25,"1"
2021-02-23,R004,"14",97,"1"
2021-02-11,R004,"62",5,"1"
2021-02-16,R004,"05",59,"2"
2021-02-16,R004,"14",36,"2"
2021-02-27,R004,"34",40,"2"
2021-02-15,R004,"62",35,"2"
2021-03-11,R001,"05",4,"1"
2021-03-19,R001,"14",42,"1"
2021-03-18,R001,"34",77,"1"
2021-03-19,R001,"62",17,"1"
2021-03-15,R001,"93",33,"1"
2021-03-23,R001,"05",5,"2"
2021-03-30,R001,"14",67,"2"
2021-03-24,R001,"34",45,"2"
2021-03-15,R001,"62",93,"2"
2021-03-25,R001,"93",13,"2"
2021-03-16,R002,"05",6,"1"
2021-03-14,R002,"14",69,"1"
2021-03-29,R002,"34",3,"1"
2021-03-28,R002,"62",12,"1"
2021-03-19,R002,"93",66,"1"
2021-03-15,R002,"05",8,"2"
2021-03-25,R002,"14",44,"2"
2021-03-18,R002,"34",18,"2"
2021-03-22,R002,"62",10,"2"
2021-03-21,R002,"93",81,"2"
2021-03-30,R003,"05",81,"1"
2021-03-27,R003,"14",77,"1"
2021-03-13,R003,"34",97,"1"
2021-03-28,R003,"62",4,"1"
2021-03-28,R003,"93",86,"1"
2021-03-11,R003,"05",41,"2"
2021-03-13,R003,"14",57,"2"
2021-03-14,R003,"34",55,"2"
2021-03-28,R003,"62",94,"2"
2021-03-19,R003,"93",41,"2"
2021-03-13,R004,"05",87,"1"
2021-03-30,R004,"14",33,"1"
2021-03-28,R004,"34",89,"1"
2021-03-22,R004,"62",36,"1"
2021-03-18,R004,"93",83,"1"
2021-03-13,R004,"05",77,"2"
2021-03-15,R004,"14",11,"2"
2021-03-18,R004,"34",47,"2"
2021-03-27,R004,"62",13,"2"
2021-03-20,R004,"93",45,"2"
2021-04-13,R001,"05",97,"1"
2021-04-13,R001,"14",37,"1"
2021-04-25,R001,"34",45,"1"
2021-04-11,R001,"62",88,"1"
2021-04-10,R001,"93",57,"1"
2021-04-13,R001,"05",73,"2"
2021-04-17,R001,"14",31,"2"
2021-04-25,R001,"34",97,"2"
2021-04-22,R001,"62",24,"2"
2021-04-30,R001,"93",96,"2"
2021-04-15,R002,"05",58,"1"
2021-04-22,R002,"14",23,"1"
2021-04-26,R002,"34",86,"1"
2021-04-19,R002,"62",99,"1"
2021-04-19,R002,"93",21,"1"
2021-04-24,R002,"05",12,"2"
2021-04-21,R002,"14",27,"2"
2021-04-23,R002,"34",9,"2"
2021-04-29,R002,"62",47,"2"
2021-04-18,R002,"93",80,"2"
2021-04-12,R003,"05",60,"1"
2021-04-12,R003,"14",96,"1"
2021-04-18,R003,"34",16,"1"
2021-04-10,R003,"62",11,"1"
2021-04-24,R003,"93",51,"1"
2021-04-27,R003,"05",9,"2"
2021-04-13,R003,"14",98,"2"
2021-04-29,R003,"34",90,"2"
2021-04-15,R003,"62",19,"2"
2021-04-10,R003,"93",63,"2"
2021-04-19,R004,"05",52,"1"
2021-04-18,R004,"14",7,"1"
2021-04-13,R004,"34",28,"1"
2021-04-13,R004,"62",54,"1"
2021-04-20,R004,"93",58,"1"
2021-04-14,R004,"05",10,"2"
2021-04-17,R004,"14",49,"2"
2021-04-27,R004,"34",20,"2"
2021-04-29,R004,"62",88,"2"
2021-04-29,R004,"93",90,"2"
2021-05-26,R001,"05",47,"1"
2021-05-14,R001,"14",1,"1"
2021-05-20,R001,"34",39,"1"
2021-05-22,R001,"62",53,"1"
2021-05-24,R001,"93",64,"1"
2021-05-30,R001,"05",86,"2"
2021-05-16,R001,"14",5,"2"
2021-05-14,R001,"34",75,"2"
2021-05-23,R001,"62",77,"2"
2021-05-14,R001,"93",9,"2"
2021-05-23,R002,"05",41,"1"
2021-05-25,R002,"14",39,"1"
2021-05-16,R002,"34",99,"1"
2021-05-10,R002,"62",3,"1"
2021-05-26,R002,"93",63,"1"
2021-05-30,R002,"05",63,"2"
2021-05-27,R002,"14",69,"2"
2021-05-29,R002,"34",48,"2"
2021-05-28,R002,"62",88,"2"
2021-05-11,R002,"93",30,"2"
2021-05-30,R003,"05",60,"1"
2021-05-17,R003,"14",94,"1"
2021-05-20,R003,"34",2,"1"
2021-05-12,R003,"62",79,"1"
2021-01-20,R001,"86",85,"1"
2021-01-10,R001,"86",87,"2"
2021-01-16,R002,"86",7,"1"
2021-01-28,R002,"86",48,"2"
2021-01-27,R003,"86",50,"1"
2021-01-15,R003,"86",13,"2"
2021-01-27,R004,"86",45,"1"
2021-01-23,R004,"86",10,"2"
2021-02-20,R001,"86",25,"1"
2021-02-17,R001,"86",93,"2"
2021-02-15,R002,"86",33,"1"
2021-02-13,R002,"86",62,"2"
2021-02-16,R003,"86",41,"1"
2021-02-21,R003,"86",31,"2"
2021-02-18,R004,"86",96,"1"
2021-03-25,R001,"86",2,"1"
2021-03-10,R001,"86",83,"2"
2021-03-25,R002,"86",93,"1"
2021-03-10,R002,"86",93,"2"
2021-03-11,R003,"86",75,"1"
2021-03-20,R003,"86",67,"2"
2021-03-30,R004,"86",68,"1"
2021-03-29,R004,"86",58,"2"
2021-04-19,R001,"86",94,"1"
2021-04-28,R001,"86",33,"2"
2021-04-10,R002,"86",47,"1"
2021-04-18,R002,"86",80,"2"
2021-04-15,R003,"86",44,"1"
2021-04-20,R003,"86",67,"2"
2021-04-21,R004,"86",61,"1"
2021-04-25,R004,"86",47,"2"
2021-05-20,R001,"86",38,"1"
2021-05-28,R001,"86",24,"2"
2021-05-23,R002,"86",41,"1"
2021-05-17,R002,"86",79,"2"
2021-05-13,R003,"86",27,"1"
2021-05-19,R003,"86",57,"2"
2021-05-10,R004,"86",18,"1"
2021-05-23,R004,"86",55,"2"
2021-06-26,R001,"86",1,"1"
2021-06-15,R001,"86",94,"2"
2021-06-27,R002,"86",39,"1"
2021-06-12,R002,"86",80,"2"
2021-06-26,R003,"86",16,"1"
2021-06-15,R003,"86",16,"2"
2021-06-11,R004,"86",97,"1"
2021-06-20,R004,"86",69,"2"
2021-07-16,R001,"86",14,"1"
2021-07-26,R001,"86",28,"2"
2021-07-21,R002,"86",31,"1"
2021-07-17,R002,"86",98,"2"
2021-07-16,R003,"86",77,"1"
2021-07-21,R003,"86",58,"2"
2021-07-15,R004,"86",69,"1"
2021-07-25,R004,"86",16,"2"
2021-01-19,R001,"15",79,"1"
2021-01-16,R001,"24",11,"1"
2021-01-13,R001,"50",58,"1"
2021-01-24,R001,"55",56,"1"
2021-01-26,R001,"15",40,"2"
2021-01-24,R001,"24",35,"2"
2021-01-19,R001,"50",36,"2"
2021-01-16,R001,"55",38,"2"
2021-01-22,R002,"15",7,"1"
2021-01-11,R002,"24",66,"1"
2021-01-23,R002,"50",12,"1"
2021-01-25,R002,"55",18,"1"
2021-01-20,R002,"15",34,"2"
2021-01-23,R002,"24",40,"2"
2021-01-18,R002,"50",40,"2"
2021-01-15,R002,"55",19,"2"
2021-01-29,R003,"15",83,"1"
2021-01-15,R003,"24",53,"1"
2021-01-17,R003,"50",88,"1"
2021-01-24,R003,"55",91,"1"
2021-01-20,R003,"15",93,"2"
2021-01-19,R003,"24",4,"2"
2021-01-14,R003,"50",99,"2"
2021-01-26,R003,"55",38,"2"
2021-01-14,R004,"15",37,"1"
2021-01-26,R004,"24",85,"1"
2021-01-13,R004,"50",9,"1"
2021-01-21,R004,"55",48,"1"
2021-01-16,R004,"15",99,"2"
2021-01-19,R004,"24",65,"2"
2021-01-15,R004,"50",91,"2"
2021-01-26,R004,"55",75,"2"
2021-02-25,R001,"15",74,"1"
2021-02-19,R001,"24",73,"1"
2021-02-19,R001,"50",4,"1"
2021-02-20,R001,"55",78,"1"
2021-02-13,R001,"15",93,"2"
2021-02-27,R001,"50",37,"2"
2021-02-25,R001,"55",56,"2"
2021-02-10,R002,"15",23,"1"
2021-02-19,R002,"24",33,"1"
2021-02-20,R002,"50",20,"1"
2021-02-20,R002,"55",52,"1"
2021-02-12,R002,"15",57,"2"
2021-02-28,R002,"24",45,"2"
2021-02-26,R002,"50",47,"2"
2021-02-10,R002,"55",16,"2"
2021-02-13,R003,"15",60,"1"
2021-02-13,R003,"24",79,"1"
2021-02-25,R003,"50",61,"1"
2021-02-23,R003,"55",4,"1"
2021-02-22,R003,"15",46,"2"
2021-02-19,R003,"50",14,"2"
2021-02-27,R003,"55",40,"2"
2021-02-25,R004,"15",52,"1"
2021-02-22,R004,"24",36,"1"
2021-02-18,R004,"50",30,"1"
2021-02-11,R004,"55",43,"1"
2021-02-11,R004,"15",7,"2"
2021-02-24,R004,"24",51,"2"
2021-02-27,R004,"50",26,"2"
2021-02-26,R004,"55",38,"2"
2021-03-12,R001,"15",63,"1"
2021-03-16,R001,"24",56,"1"
2021-03-16,R001,"50",84,"1"
2021-03-15,R001,"55",22,"1"
2021-03-14,R001,"15",12,"2"
2021-03-12,R001,"24",80,"2"
2021-03-10,R001,"50",89,"2"
2021-03-14,R001,"55",4,"2"
2021-03-21,R002,"15",72,"1"
2021-03-20,R002,"24",52,"1"
2021-03-25,R002,"50",52,"1"
2021-03-24,R002,"55",19,"1"
2021-03-18,R002,"15",93,"2"
2021-03-21,R002,"24",17,"2"
2021-03-25,R002,"50",62,"2"
2021-03-22,R002,"55",2,"2"
2021-03-24,R003,"15",89,"1"
2021-03-19,R003,"24",6,"1"
2021-03-14,R003,"50",33,"1"
2021-03-16,R003,"55",32,"1"
2021-03-18,R003,"15",16,"2"
2021-03-24,R003,"24",55,"2"
2021-03-13,R003,"50",58,"2"
2021-03-13,R003,"55",86,"2"
2021-03-16,R004,"15",63,"1"
2021-03-21,R004,"24",64,"1"
2021-03-14,R004,"50",49,"1"
2021-03-17,R004,"55",47,"1"
2021-03-14,R004,"15",95,"2"
2021-03-11,R004,"24",97,"2"
2021-03-12,R004,"50",99,"2"
2021-03-17,R004,"55",51,"2"
2021-04-18,R001,"15",83,"1"
2021-04-18,R001,"24",80,"1"
2021-04-23,R001,"50",44,"1"
2021-04-22,R001,"55",16,"1"
2021-04-20,R001,"15",21,"2"
2021-04-23,R001,"24",95,"2"
2021-04-27,R001,"50",40,"2"
2021-04-11,R001,"55",94,"2"
2021-04-13,R002,"15",14,"1"
2021-04-22,R002,"24",87,"1"
2021-04-26,R002,"50",12,"1"
2021-04-21,R002,"55",98,"1"
2021-04-12,R002,"15",14,"2"
2021-04-20,R002,"24",83,"2"
2021-04-12,R002,"50",66,"2"
2021-04-27,R002,"55",36,"2"
2021-04-29,R003,"15",66,"1"
2021-04-17,R003,"24",67,"1"
2021-04-13,R003,"50",59,"1"
2021-04-17,R003,"55",79,"1"
2021-04-11,R003,"15",28,"2"
2021-04-17,R003,"24",61,"2"
2021-04-21,R003,"50",60,"2"
2021-04-17,R003,"55",55,"2"
2021-04-29,R004,"15",32,"1"
2021-04-26,R004,"24",35,"1"
2021-04-24,R004,"50",64,"1"
2021-04-13,R004,"55",2,"1"
2021-04-27,R004,"15",79,"2"
2021-04-27,R004,"24",40,"2"
2021-04-20,R004,"50",49,"2"
2021-04-14,R004,"55",91,"2"
2021-05-15,R001,"15",55,"1"
2021-05-12,R001,"24",77,"1"
2021-05-27,R001,"50",2,"1"
2021-05-26,R001,"55",19,"1"
2021-05-26,R001,"15",44,"2"
2021-05-24,R001,"24",21,"2"
2021-05-27,R001,"50",12,"2"
2021-05-29,R001,"55",44,"2"
2021-05-16,R002,"15",39,"1"
2021-05-22,R002,"24",4,"1"
2021-05-20,R002,"50",72,"1"
2021-05-18,R002,"55",67,"1"
2021-05-11,R002,"15",61,"2"
2021-05-23,R002,"24",68,"2"
2021-05-15,R002,"50",22,"2"
2021-05-10,R002,"55",8,"2"
2021-05-10,R003,"15",49,"1"
2021-05-19,R003,"24",86,"1"
2021-05-18,R003,"50",75,"1"
2021-05-11,R003,"55",11,"1"
2021-05-26,R003,"15",83,"2"
2021-05-29,R003,"24",87,"2"
2021-05-19,R003,"50",61,"2"
2021-05-25,R003,"55",50,"2"
2021-05-24,R004,"15",79,"1"
2021-05-12,R004,"24",32,"1"
2021-05-28,R004,"50",46,"1"
2021-05-21,R004,"55",68,"1"
2021-05-30,R004,"15",59,"2"
2021-05-18,R004,"24",27,"2"
2021-05-26,R004,"50",88,"2"
2021-05-14,R004,"55",80,"2"
2021-06-21,R001,"15",38,"1"
2021-06-23,R001,"24",86,"1"
2021-06-30,R001,"50",95,"1"
2021-06-17,R001,"55",67,"1"
2021-06-16,R001,"15",36,"2"
2021-06-27,R001,"24",73,"2"
2021-06-15,R001,"50",8,"2"
2021-06-22,R001,"55",22,"2"
2021-06-19,R002,"15",96,"1"
2021-06-26,R002,"24",73,"1"
2021-06-10,R002,"50",57,"1"
2021-06-20,R002,"55",12,"1"
2021-06-18,R002,"15",49,"2"
2021-06-16,R002,"24",59,"2"
2021-06-21,R002,"50",100,"2"
2021-06-18,R002,"55",56,"2"
2021-06-25,R003,"15",11,"1"
2021-06-30,R003,"24",73,"1"
2021-06-20,R003,"50",7,"1"
2021-06-21,R003,"55",21,"1"
2021-06-28,R003,"15",53,"2"
2021-06-29,R003,"24",41,"2"
2021-06-15,R003,"50",19,"2"
2021-06-22,R003,"55",16,"2"
2021-01-11,R001,"08",3,"1"
2021-01-13,R001,"18",24,"1"
2021-01-13,R001,"42",59,"1"
2021-01-10,R001,"53",62,"1"
2021-01-22,R001,"60",82,"1"
2021-01-29,R001,"66",63,"1"
2021-01-15,R001,"08",81,"2"
2021-01-13,R001,"18",20,"2"
2021-01-21,R001,"42",89,"2"
2021-01-14,R001,"53",51,"2"
2021-01-20,R001,"60",88,"2"
2021-01-28,R001,"66",44,"2"
2021-01-10,R002,"08",91,"1"
2021-01-25,R002,"18",38,"1"
2021-01-20,R002,"42",36,"1"
2021-01-19,R002,"53",78,"1"
2021-01-21,R002,"60",13,"1"
2021-01-20,R002,"66",56,"1"
2021-01-30,R002,"08",43,"2"
2021-01-29,R002,"18",60,"2"
2021-01-26,R002,"42",25,"2"
2021-01-21,R002,"53",55,"2"
2021-01-17,R002,"60",46,"2"
2021-01-21,R002,"66",55,"2"
2021-01-20,R003,"08",67,"1"
2021-01-27,R003,"18",76,"1"
2021-01-11,R003,"42",32,"1"
2021-01-18,R003,"53",81,"1"
2021-01-26,R003,"60",78,"1"
2021-01-17,R003,"66",80,"1"
2021-01-10,R003,"08",5,"2"
2021-01-27,R003,"18",30,"2"
2021-01-21,R003,"42",70,"2"
2021-01-13,R003,"53",99,"2"
2021-01-28,R003,"60",19,"2"
2021-01-12,R003,"66",82,"2"
2021-01-12,R004,"08",4,"1"
2021-01-12,R004,"18",49,"1"
2021-01-16,R004,"42",60,"1"
2021-01-24,R004,"53",76,"1"
2021-01-17,R004,"60",27,"1"
2021-01-26,R004,"66",39,"1"
2021-01-21,R004,"08",36,"2"
2021-01-18,R004,"18",15,"2"
2021-01-21,R004,"42",85,"2"
2021-01-10,R004,"53",96,"2"
2021-01-28,R004,"60",36,"2"
2021-01-11,R004,"66",58,"2"
2021-02-21,R001,"08",58,"1"
2021-02-28,R001,"18",36,"1"
2021-02-10,R001,"42",37,"1"
2021-02-17,R001,"53",26,"1"
2021-02-18,R001,"60",56,"1"
2021-02-18,R001,"66",35,"1"
2021-02-28,R001,"08",2,"2"
2021-02-15,R001,"42",23,"2"
2021-02-17,R001,"60",43,"2"
2021-02-10,R001,"66",53,"2"
2021-02-16,R002,"08",37,"1"
2021-02-17,R002,"18",63,"1"
2021-02-28,R002,"42",46,"1"
2021-02-28,R002,"53",74,"1"
2021-02-21,R002,"60",60,"1"
2021-02-25,R002,"66",6,"1"
2021-02-10,R002,"08",2,"2"
2021-02-23,R002,"18",95,"2"
2021-02-27,R002,"42",35,"2"
2021-02-16,R002,"53",34,"2"
2021-02-16,R002,"60",77,"2"
2021-02-13,R002,"66",69,"2"
2021-02-12,R003,"08",85,"1"
2021-02-28,R003,"18",45,"1"
2021-02-22,R003,"42",79,"1"
2021-02-23,R003,"53",57,"1"
2021-02-19,R003,"66",20,"1"
2021-02-25,R003,"08",27,"2"
2021-02-19,R003,"18",53,"2"
2021-02-16,R003,"42",9,"2"
2021-02-25,R003,"53",40,"2"
2021-02-27,R003,"60",68,"2"
2021-02-24,R003,"66",93,"2"
2021-02-12,R004,"08",71,"1"
2021-02-24,R004,"18",44,"1"
2021-02-23,R004,"42",82,"1"
2021-02-17,R004,"53",22,"1"
2021-02-23,R004,"60",26,"1"
2021-02-18,R004,"08",18,"2"
2021-02-16,R004,"42",11,"2"
2021-02-15,R004,"53",62,"2"
2021-02-28,R004,"60",31,"2"
2021-02-27,R004,"66",8,"2"
2021-03-30,R001,"08",24,"1"
2021-03-28,R001,"18",60,"1"
2021-03-20,R001,"42",52,"1"
2021-03-27,R001,"53",47,"1"
2021-03-14,R001,"60",16,"1"
2021-03-27,R001,"66",88,"1"
2021-03-10,R001,"08",59,"2"
2021-03-16,R001,"18",65,"2"
2021-03-25,R001,"42",30,"2"
2021-03-22,R001,"53",12,"2"
2021-03-30,R001,"60",21,"2"
2021-03-23,R001,"66",8,"2"
2021-03-10,R002,"08",18,"1"
2021-03-24,R002,"18",26,"1"
2021-03-12,R002,"42",32,"1"
2021-03-16,R002,"53",25,"1"
2021-03-19,R002,"60",71,"1"
2021-03-29,R002,"66",17,"1"
2021-03-10,R002,"08",85,"2"
2021-03-22,R002,"18",79,"2"
2021-03-23,R002,"42",59,"2"
2021-03-23,R002,"53",23,"2"
2021-03-29,R002,"60",68,"2"
2021-03-16,R002,"66",70,"2"
2021-03-23,R003,"08",38,"1"
2021-03-17,R003,"18",1,"1"
2021-03-16,R003,"42",2,"1"
2021-03-29,R003,"53",77,"1"
2021-03-22,R003,"60",79,"1"
2021-03-13,R003,"66",11,"1"
2021-03-26,R003,"08",91,"2"
2021-03-22,R003,"18",88,"2"
2021-03-11,R003,"42",66,"2"
2021-03-16,R003,"53",10,"2"
2021-03-18,R003,"60",15,"2"
2021-03-15,R003,"66",66,"2"
2021-03-12,R004,"08",69,"1"
2021-03-18,R004,"18",29,"1"
2021-03-22,R004,"42",59,"1"
2021-03-27,R004,"53",59,"1"
2021-03-10,R004,"60",61,"1"
2021-03-21,R004,"66",65,"1"
2021-03-20,R004,"08",90,"2"
2021-03-10,R004,"18",57,"2"
2021-03-15,R004,"42",45,"2"
2021-03-22,R004,"53",60,"2"
2021-03-16,R004,"60",92,"2"
2021-03-24,R004,"66",6,"2"
2021-04-21,R001,"08",20,"1"
2021-04-17,R001,"18",99,"1"
2021-04-15,R001,"42",24,"1"
2021-04-13,R001,"53",23,"1"
2021-04-10,R001,"60",46,"1"
2021-04-14,R001,"66",36,"1"
2021-04-19,R001,"08",8,"2"
2021-04-23,R001,"18",45,"2"
2021-04-21,R001,"42",59,"2"
2021-04-26,R001,"53",57,"2"
2021-04-22,R001,"60",24,"2"
2021-04-13,R001,"66",84,"2"
2021-04-29,R002,"08",23,"1"
2021-04-18,R002,"18",43,"1"
2021-04-25,R002,"42",75,"1"
2021-04-10,R002,"53",27,"1"
2021-04-24,R002,"60",21,"1"
2021-04-13,R002,"66",27,"1"
2021-04-16,R002,"08",60,"2"
2021-04-27,R002,"18",20,"2"
2021-04-22,R002,"42",74,"2"
2021-04-28,R002,"53",30,"2"
2021-04-24,R002,"60",82,"2"
2021-04-22,R002,"66",22,"2"
2021-04-19,R003,"08",85,"1"
2021-04-13,R003,"18",21,"1"
2021-04-22,R003,"42",40,"1"
2021-04-25,R003,"53",49,"1"
2021-04-26,R003,"60",52,"1"
2021-04-29,R003,"66",63,"1"
2021-04-18,R003,"08",60,"2"
2021-04-16,R003,"18",36,"2"
2021-04-16,R003,"42",55,"2"
2021-04-24,R003,"53",83,"2"
2021-04-20,R003,"60",56,"2"
2021-04-16,R003,"66",46,"2"
2021-04-29,R004,"08",70,"1"
2021-04-30,R004,"18",46,"1"
2021-04-29,R004,"42",96,"1"
2021-04-20,R004,"53",24,"1"
2021-01-25,R001,"41",77,"1"
2021-01-20,R001,"45",51,"1"
2021-01-23,R001,"41",10,"2"
2021-01-23,R001,"45",66,"2"
2021-01-28,R002,"41",17,"1"
2021-01-18,R002,"45",26,"1"
2021-01-24,R002,"41",79,"2"
2021-01-21,R002,"45",93,"2"
2021-01-22,R003,"41",100,"1"
2021-01-30,R003,"45",54,"1"
2021-01-18,R003,"41",6,"2"
2021-01-13,R003,"45",60,"2"
2021-01-27,R004,"41",99,"1"
2021-01-11,R004,"45",50,"1"
2021-01-26,R004,"41",2,"2"
2021-01-16,R004,"45",50,"2"
2021-02-15,R001,"41",30,"1"
2021-02-18,R001,"45",59,"1"
2021-02-10,R001,"41",57,"2"
2021-02-10,R001,"45",28,"2"
2021-02-16,R002,"41",79,"1"
2021-02-19,R002,"45",27,"1"
2021-02-17,R002,"41",4,"2"
2021-02-22,R002,"45",1,"2"
2021-02-13,R003,"41",93,"1"
2021-02-27,R003,"45",34,"1"
2021-02-11,R003,"45",8,"2"
2021-02-26,R004,"41",98,"1"
2021-02-27,R004,"45",45,"1"
2021-02-21,R004,"41",22,"2"
2021-02-21,R004,"45",55,"2"
2021-03-16,R001,"41",7,"1"
2021-03-14,R001,"45",95,"1"
2021-03-14,R001,"41",35,"2"
2021-03-14,R001,"45",88,"2"
2021-03-23,R002,"41",22,"1"
2021-03-28,R002,"45",82,"1"
2021-03-26,R002,"41",52,"2"
2021-03-14,R002,"45",6,"2"
2021-03-27,R003,"41",7,"1"
2021-03-13,R003,"45",54,"1"
2021-03-18,R003,"41",70,"2"
2021-03-24,R003,"45",93,"2"
2021-03-15,R004,"41",10,"1"
2021-03-13,R004,"45",68,"1"
2021-03-30,R004,"41",87,"2"
2021-03-20,R004,"45",6,"2"
2021-04-21,R001,"41",54,"1"
2021-04-10,R001,"45",39,"1"
2021-04-21,R001,"41",1,"2"
2021-04-28,R001,"45",14,"2"
2021-04-20,R002,"41",73,"1"
2021-04-28,R002,"45",91,"1"
2021-04-20,R002,"41",66,"2"
2021-04-23,R002,"45",67,"2"
2021-04-25,R003,"41",45,"1"
2021-04-18,R003,"45",62,"1"
2021-04-24,R003,"41",58,"2"
2021-04-21,R003,"45",31,"2"
2021-04-14,R004,"41",65,"1"
2021-04-15,R004,"45",89,"1"
2021-04-11,R004,"41",27,"2"
2021-04-21,R004,"45",80,"2"
2021-05-20,R001,"41",85,"1"
2021-05-15,R001,"45",7,"1"
2021-05-26,R001,"41",28,"2"
2021-05-12,R001,"45",19,"2"
2021-05-12,R002,"41",31,"1"
2021-05-21,R002,"45",65,"1"
2021-05-16,R002,"41",13,"2"
2021-05-29,R002,"45",52,"2"
2021-05-25,R003,"41",19,"1"
2021-05-25,R003,"45",28,"1"
2021-05-23,R003,"41",42,"2"
2021-05-30,R003,"45",77,"2"
2021-05-28,R004,"41",29,"1"
2021-05-22,R004,"45",66,"1"
2021-05-20,R004,"41",66,"2"
2021-05-18,R004,"45",27,"2"
2021-06-23,R001,"41",84,"1"
2021-06-10,R001,"45",97,"1"
2021-06-16,R001,"41",4,"2"
2021-06-12,R001,"45",50,"2"
2021-06-28,R002,"41",50,"1"
2021-06-26,R002,"45",1,"1"
2021-06-25,R002,"41",83,"2"
2021-06-22,R002,"45",67,"2"
2021-06-13,R003,"41",86,"1"
2021-06-19,R003,"45",86,"1"
2021-06-12,R003,"41",4,"2"
2021-06-18,R003,"45",36,"2"
2021-06-25,R004,"41",42,"1"
2021-06-14,R004,"45",35,"1"
2021-06-30,R004,"41",46,"2"
2021-06-14,R004,"45",44,"2"
2021-07-19,R001,"41",12,"1"
2021-07-25,R001,"45",86,"1"
2021-07-16,R001,"41",39,"2"
2021-07-22,R001,"45",59,"2"
2021-07-16,R002,"41",45,"1"
2021-07-23,R002,"45",74,"1"
2021-07-21,R002,"41",58,"2"
2021-07-10,R002,"45",2,"2"
2021-07-17,R003,"41",55,"1"
2021-07-13,R003,"45",75,"1"
2021-07-10,R003,"41",86,"2"
2021-07-15,R003,"45",43,"2"
2021-07-25,R004,"41",19,"1"
2021-07-20,R004,"45",93,"1"
2021-07-24,R004,"41",23,"2"
2021-07-18,R004,"45",86,"2"
2021-01-20,R001,"09",29,"1"
2021-01-30,R001,"16",84,"1"
2021-01-20,R001,"69",26,"1"
2021-01-18,R001,"09",30,"2"
2021-01-25,R001,"16",3,"2"
2021-01-15,R001,"69",66,"2"
2021-01-30,R002,"09",37,"1"
2021-01-29,R002,"16",72,"1"
2021-01-25,R002,"69",50,"1"
2021-01-12,R002,"09",22,"2"
2021-01-16,R002,"16",82,"2"
2021-01-19,R002,"69",37,"2"
2021-01-16,R003,"09",58,"1"
2021-01-16,R003,"16",40,"1"
2021-01-23,R003,"69",32,"1"
2021-01-26,R003,"09",5,"2"
2021-01-10,R003,"16",42,"2"
2021-01-30,R003,"69",80,"2"
2021-01-17,R004,"09",89,"1"
2021-01-17,R004,"16",42,"1"
2021-01-23,R004,"69",8,"1"
2021-01-28,R004,"09",1,"2"
2021-01-17,R004,"16",39,"2"
2021-01-30,R004,"69",63,"2"
2021-02-10,R001,"09",30,"1"
2021-02-17,R001,"16",44,"1"
2021-02-14,R001,"69",34,"1"
2021-02-26,R001,"09",15,"2"
2021-02-28,R001,"16",74,"2"
2021-02-28,R001,"69",50,"2"
2021-02-14,R002,"09",29,"1"
2021-02-17,R002,"16",85,"1"
2021-02-27,R002,"69",70,"1"
2021-02-24,R002,"09",25,"2"
2021-02-26,R002,"16",100,"2"
2021-02-22,R002,"69",50,"2"
2021-02-25,R003,"16",71,"1"
2021-02-20,R003,"69",29,"1"
2021-02-24,R003,"09",24,"2"
2021-02-28,R003,"16",88,"2"
2021-02-27,R003,"69",63,"2"
2021-02-13,R004,"09",49,"1"
2021-02-14,R004,"16",76,"1"
2021-02-12,R004,"69",27,"1"
2021-02-27,R004,"09",9,"2"
2021-02-10,R004,"16",28,"2"
2021-02-13,R004,"69",52,"2"
2021-03-26,R001,"09",29,"1"
2021-03-18,R001,"16",69,"1"
2021-03-20,R001,"69",51,"1"
2021-03-18,R001,"09",62,"2"
2021-03-16,R001,"16",38,"2"
2021-03-27,R001,"69",16,"2"
2021-03-18,R002,"09",19,"1"
2021-03-17,R002,"16",11,"1"
2021-03-14,R002,"69",74,"1"
2021-03-23,R002,"09",59,"2"
2021-03-12,R002,"16",28,"2"
2021-03-11,R002,"69",91,"2"
2021-03-21,R003,"09",72,"1"
2021-03-17,R003,"16",81,"1"
2021-03-19,R003,"69",67,"1"
2021-03-18,R003,"09",1,"2"
2021-03-10,R003,"16",13,"2"
2021-03-14,R003,"69",29,"2"
2021-03-30,R004,"09",96,"1"
2021-03-10,R004,"16",59,"1"
2021-03-30,R004,"69",48,"1"
2021-03-19,R004,"09",30,"2"
2021-03-24,R004,"16",23,"2"
2021-03-28,R004,"69",72,"2"
2021-04-16,R001,"09",82,"1"
2021-04-28,R001,"16",39,"1"
2021-04-12,R001,"69",24,"1"
2021-04-18,R001,"09",12,"2"
2021-04-24,R001,"16",51,"2"
2021-04-12,R001,"69",80,"2"
2021-04-21,R002,"09",90,"1"
2021-04-19,R002,"16",59,"1"
2021-04-20,R002,"69",3,"1"
2021-04-10,R002,"09",74,"2"
2021-04-28,R002,"16",17,"2"
2021-04-26,R002,"69",97,"2"
2021-04-28,R003,"09",4,"1"
2021-04-15,R003,"16",14,"1"
2021-04-12,R003,"69",80,"1"
2021-04-12,R003,"09",81,"2"
2021-04-28,R003,"16",69,"2"
2021-04-15,R003,"69",87,"2"
2021-04-14,R004,"09",38,"1"
2021-04-18,R004,"16",79,"1"
2021-04-22,R004,"69",31,"1"
2021-04-23,R004,"09",92,"2"
2021-04-26,R004,"16",89,"2"
2021-04-23,R004,"69",75,"2"
2021-05-28,R001,"09",53,"1"
2021-05-26,R001,"16",40,"1"
2021-05-24,R001,"69",95,"1"
2021-05-28,R001,"09",79,"2"
2021-05-15,R001,"16",87,"2"
2021-05-18,R001,"69",69,"2"
2021-05-25,R002,"09",34,"1"
2021-05-21,R002,"16",72,"1"
2021-05-15,R002,"69",71,"1"
2021-05-28,R002,"09",90,"2"
2021-05-29,R002,"16",89,"2"
2021-05-29,R002,"69",92,"2"
2021-05-30,R003,"09",47,"1"
2021-05-20,R003,"16",23,"1"
2021-05-17,R003,"69",12,"1"
2021-05-20,R003,"09",41,"2"
2021-05-21,R003,"16",69,"2"
2021-05-15,R003,"69",9,"2"
2021-05-16,R004,"09",85,"1"
2021-05-18,R004,"16",65,"1"
2021-05-20,R004,"69",42,"1"
2021-05-19,R004,"09",80,"2"
2021-05-20,R004,"16",58,"2"
2021-05-18,R004,"69",26,"2"
2021-06-25,R001,"09",97,"1"
2021-06-24,R001,"16",22,"1"
2021-06-27,R001,"69",61,"1"
2021-06-16,R001,"09",34,"2"
2021-06-17,R001,"16",19,"2"
2021-06-22,R001,"69",29,"2"
2021-06-30,R002,"09",5,"1"
2021-06-15,R002,"16",35,"1"
2021-06-17,R002,"69",13,"1"
2021-06-23,R002,"09",48,"2"
2021-06-12,R002,"16",54,"2"
2021-06-23,R002,"69",49,"2"
2021-06-10,R003,"09",22,"1"
2021-06-28,R003,"16",68,"1"
2021-06-13,R003,"69",70,"1"
2021-06-15,R003,"09",81,"2"
2021-06-25,R003,"16",84,"2"
2021-06-12,R003,"69",55,"2"
2021-06-14,R004,"09",1,"1"
2021-06-25,R004,"16",13,"1"
2021-06-23,R004,"69",99,"1"
2021-06-22,R004,"09",42,"2"
2021-06-15,R004,"16",77,"2"
2021-06-13,R004,"69",95,"2"
2021-07-27,R001,"09",50,"1"
2021-07-21,R001,"16",76,"1"
2021-07-22,R001,"69",96,"1"
2021-07-17,R001,"09",29,"2"
2021-07-10,R001,"16",38,"2"
2021-07-11,R001,"69",39,"2"
2021-07-25,R002,"09",16,"1"
2021-07-25,R002,"16",1,"1"
2021-07-26,R002,"69",23,"1"
2021-07-21,R002,"09",64,"2"
2021-07-11,R002,"16",35,"2"
2021-07-13,R002,"69",84,"2"
2021-07-13,R003,"09",41,"1"
2021-07-10,R003,"16",90,"1"
2021-07-18,R003,"69",16,"1"
2021-07-21,R003,"09",99,"2"
2021-07-24,R003,"16",41,"2"
2021-07-21,R003,"69",69,"2"
2021-07-13,R004,"09",11,"1"
2021-07-25,R004,"16",16,"1"
2021-07-18,R004,"69",32,"1"
2021-07-17,R004,"09",96,"2"
2021-07-10,R004,"16",39,"2"
2021-07-13,R004,"69",10,"2"
2021-05-19,R003,"71",83,"1"
2021-05-14,R003,"10",21,"2"
2021-05-29,R003,"51",77,"2"
2021-05-11,R003,"59",38,"2"
2021-05-26,R003,"64",100,"2"
2021-05-13,R003,"71",30,"2"
2021-05-15,R004,"10",70,"1"
2021-05-23,R004,"51",59,"1"
2021-05-25,R004,"59",47,"1"
2021-05-27,R004,"64",11,"1"
2021-05-30,R004,"71",64,"1"
2021-05-25,R004,"10",4,"2"
2021-05-29,R004,"51",64,"2"
2021-05-24,R004,"59",81,"2"
2021-05-19,R004,"64",46,"2"
2021-05-24,R004,"71",54,"2"
2021-06-15,R001,"10",44,"1"
2021-06-21,R001,"51",18,"1"
2021-06-28,R001,"59",39,"1"
2021-06-19,R001,"64",63,"1"
2021-06-22,R001,"71",11,"1"
2021-06-15,R001,"10",17,"2"
2021-06-30,R001,"51",84,"2"
2021-06-15,R001,"59",16,"2"
2021-06-27,R001,"64",24,"2"
2021-06-13,R001,"71",9,"2"
2021-06-10,R002,"10",61,"1"
2021-06-14,R002,"51",1,"1"
2021-06-20,R002,"59",76,"1"
2021-06-10,R002,"64",31,"1"
2021-06-18,R002,"71",98,"1"
2021-06-30,R002,"10",68,"2"
2021-06-14,R002,"51",18,"2"
2021-06-17,R002,"59",24,"2"
2021-06-11,R002,"64",83,"2"
2021-06-10,R002,"71",59,"2"
2021-06-21,R003,"10",14,"1"
2021-06-16,R003,"51",93,"1"
2021-06-23,R003,"59",16,"1"
2021-06-15,R003,"64",27,"1"
2021-06-12,R003,"71",2,"1"
2021-06-23,R003,"10",48,"2"
2021-06-10,R003,"51",82,"2"
2021-06-10,R003,"59",43,"2"
2021-06-17,R003,"64",45,"2"
2021-06-20,R003,"71",53,"2"
2021-06-25,R004,"10",49,"1"
2021-06-22,R004,"51",1,"1"
2021-06-10,R004,"59",27,"1"
2021-06-22,R004,"64",62,"1"
2021-06-11,R004,"71",34,"1"
2021-06-22,R004,"10",56,"2"
2021-06-28,R004,"51",11,"2"
2021-06-10,R004,"59",39,"2"
2021-06-28,R004,"64",50,"2"
2021-06-24,R004,"71",10,"2"
2021-07-14,R001,"10",54,"1"
2021-07-28,R001,"51",38,"1"
2021-07-29,R001,"59",45,"1"
2021-07-25,R001,"64",41,"1"
2021-07-28,R001,"71",23,"1"
2021-07-17,R001,"10",12,"2"
2021-07-24,R001,"51",76,"2"
2021-07-12,R001,"59",4,"2"
2021-07-24,R001,"64",77,"2"
2021-07-25,R001,"71",11,"2"
2021-07-13,R002,"10",33,"1"
2021-07-14,R002,"51",60,"1"
2021-07-11,R002,"59",65,"1"
2021-07-27,R002,"64",7,"1"
2021-07-20,R002,"71",33,"1"
2021-07-13,R002,"10",46,"2"
2021-07-19,R002,"51",36,"2"
2021-07-20,R002,"59",90,"2"
2021-07-14,R002,"64",45,"2"
2021-07-26,R002,"71",100,"2"
2021-07-10,R003,"10",44,"1"
2021-07-29,R003,"51",46,"1"
2021-07-18,R003,"59",56,"1"
2021-07-10,R003,"64",28,"1"
2021-07-21,R003,"71",32,"1"
2021-07-19,R003,"10",31,"2"
2021-07-23,R003,"51",10,"2"
2021-07-18,R003,"59",4,"2"
2021-07-20,R003,"64",63,"2"
2021-07-20,R003,"71",91,"2"
2021-07-12,R004,"10",96,"1"
2021-07-24,R004,"51",21,"1"
2021-07-18,R004,"59",59,"1"
2021-07-10,R004,"64",78,"1"
2021-07-19,R004,"71",90,"1"
2021-07-16,R004,"10",22,"2"
2021-07-17,R004,"51",59,"2"
2021-07-12,R004,"59",54,"2"
2021-07-18,R004,"64",7,"2"
2021-07-11,R004,"71",53,"2"
2021-01-28,R001,"13",45,"1"
2021-01-22,R001,"27",48,"1"
2021-01-16,R001,"54",3,"1"
2021-01-29,R001,"63",52,"1"
2021-01-18,R001,"82",7,"1"
2021-01-26,R001,"13",100,"2"
2021-01-12,R001,"27",12,"2"
2021-01-27,R001,"54",18,"2"
2021-01-16,R001,"63",54,"2"
2021-01-16,R001,"82",38,"2"
2021-01-22,R002,"13",83,"1"
2021-01-17,R002,"27",39,"1"
2021-01-15,R002,"54",30,"1"
2021-01-10,R002,"63",40,"1"
2021-01-18,R002,"82",77,"1"
2021-01-26,R002,"13",49,"2"
2021-01-19,R002,"27",50,"2"
2021-01-10,R002,"54",45,"2"
2021-01-14,R002,"63",32,"2"
2021-01-30,R002,"82",45,"2"
2021-01-21,R003,"13",85,"1"
2021-01-16,R003,"27",48,"1"
2021-01-23,R003,"54",41,"1"
2021-01-30,R003,"63",100,"1"
2021-01-17,R003,"82",97,"1"
2021-01-11,R003,"13",5,"2"
2021-01-15,R003,"27",3,"2"
2021-01-25,R003,"54",58,"2"
2021-01-14,R003,"63",23,"2"
2021-01-24,R003,"82",86,"2"
2021-01-26,R004,"13",6,"1"
2021-01-12,R004,"27",57,"1"
2021-01-15,R004,"54",50,"1"
2021-01-12,R004,"63",83,"1"
2021-01-10,R004,"82",56,"1"
2021-01-23,R004,"13",92,"2"
2021-01-28,R004,"27",19,"2"
2021-01-12,R004,"54",32,"2"
2021-01-20,R004,"63",9,"2"
2021-01-14,R004,"82",95,"2"
2021-02-19,R001,"13",90,"1"
2021-02-12,R001,"27",71,"1"
2021-02-21,R001,"54",5,"1"
2021-02-24,R001,"63",37,"1"
2021-02-12,R001,"82",76,"1"
2021-02-20,R001,"27",5,"2"
2021-02-22,R001,"54",57,"2"
2021-02-24,R001,"82",91,"2"
2021-02-21,R002,"13",33,"1"
2021-02-21,R002,"27",14,"1"
2021-02-10,R002,"54",44,"1"
2021-02-14,R002,"63",13,"1"
2021-02-20,R002,"82",95,"1"
2021-02-17,R002,"13",69,"2"
2021-02-16,R002,"27",92,"2"
2021-02-26,R002,"54",37,"2"
2021-02-12,R002,"63",95,"2"
2021-02-20,R002,"82",34,"2"
2021-02-19,R003,"13",87,"1"
2021-02-22,R003,"54",98,"1"
2021-02-24,R003,"63",21,"1"
2021-02-10,R003,"82",3,"1"
2021-02-23,R003,"13",73,"2"
2021-02-17,R003,"27",56,"2"
2021-02-26,R003,"63",21,"2"
2021-02-27,R003,"82",1,"2"
2021-02-12,R004,"13",10,"1"
2021-02-14,R004,"27",56,"1"
2021-02-24,R004,"63",81,"1"
2021-02-11,R004,"13",35,"2"
2021-02-23,R004,"27",22,"2"
2021-02-18,R004,"54",26,"2"
2021-02-24,R004,"63",63,"2"
2021-02-23,R004,"82",40,"2"
2021-03-12,R001,"13",72,"1"
2021-03-14,R001,"27",10,"1"
2021-03-13,R001,"54",63,"1"
2021-03-12,R001,"63",46,"1"
2021-03-19,R001,"82",36,"1"
2021-03-24,R001,"13",41,"2"
2021-03-20,R001,"27",9,"2"
2021-03-25,R001,"54",20,"2"
2021-03-19,R001,"63",100,"2"
2021-03-23,R001,"82",26,"2"
2021-03-15,R002,"13",45,"1"
2021-03-28,R002,"27",44,"1"
2021-03-21,R002,"54",84,"1"
2021-03-28,R002,"63",95,"1"
2021-03-22,R002,"82",80,"1"
2021-03-21,R002,"13",99,"2"
2021-03-20,R002,"27",2,"2"
2021-03-30,R002,"54",25,"2"
2021-03-19,R002,"63",36,"2"
2021-03-15,R002,"82",98,"2"
2021-03-27,R003,"13",39,"1"
2021-03-22,R003,"27",88,"1"
2021-03-20,R003,"54",46,"1"
2021-03-26,R003,"63",37,"1"
2021-03-16,R003,"82",88,"1"
2021-03-18,R003,"13",91,"2"
2021-03-28,R003,"27",45,"2"
2021-03-29,R003,"54",3,"2"
2021-03-27,R003,"63",41,"2"
2021-03-21,R003,"82",4,"2"
2021-03-21,R004,"13",13,"1"
2021-03-29,R004,"27",7,"1"
2021-03-26,R004,"54",47,"1"
2021-03-25,R004,"63",53,"1"
2021-03-11,R004,"82",66,"1"
2021-03-14,R004,"13",12,"2"
2021-03-18,R004,"27",79,"2"
2021-03-22,R004,"54",24,"2"
2021-03-29,R004,"63",69,"2"
2021-03-27,R004,"82",2,"2"
2021-04-14,R001,"13",26,"1"
2021-04-13,R001,"27",97,"1"
2021-04-25,R001,"54",14,"1"
2021-04-25,R001,"63",52,"1"
2021-04-10,R001,"82",81,"1"
2021-04-17,R001,"13",62,"2"
2021-04-16,R001,"27",99,"2"
2021-04-21,R001,"54",45,"2"
2021-04-16,R001,"63",14,"2"
2021-04-25,R001,"82",90,"2"
2021-04-27,R002,"13",92,"1"
2021-04-12,R002,"27",6,"1"
2021-04-17,R002,"54",71,"1"
2021-04-16,R002,"63",31,"1"
2021-04-28,R002,"82",51,"1"
2021-04-23,R002,"13",71,"2"
2021-04-25,R002,"27",69,"2"
2021-04-25,R002,"54",17,"2"
2021-04-21,R002,"63",31,"2"
2021-04-22,R002,"82",12,"2"
2021-04-16,R003,"13",51,"1"
2021-04-12,R003,"27",87,"1"
2021-04-21,R003,"54",5,"1"
2021-04-11,R003,"63",23,"1"
2021-04-27,R003,"82",14,"1"
2021-04-22,R003,"13",85,"2"
2021-04-15,R003,"27",57,"2"
2021-04-15,R003,"54",69,"2"
2021-04-14,R003,"63",62,"2"
2021-04-13,R003,"82",32,"2"
2021-04-12,R004,"13",17,"1"
2021-04-18,R004,"27",61,"1"
2021-04-17,R004,"54",54,"1"
2021-04-27,R004,"63",100,"1"
2021-04-13,R004,"82",83,"1"
2021-04-17,R004,"13",72,"2"
2021-04-13,R004,"27",53,"2"
2021-04-19,R004,"54",97,"2"
2021-04-28,R004,"63",89,"2"
2021-04-19,R004,"82",4,"2"
2021-05-14,R001,"13",91,"1"
2021-05-25,R001,"27",63,"1"
2021-05-21,R001,"54",38,"1"
2021-05-21,R001,"63",73,"1"
2021-05-10,R001,"82",28,"1"
2021-05-19,R001,"13",39,"2"
2021-05-14,R001,"27",2,"2"
2021-05-26,R001,"54",90,"2"
2021-05-14,R001,"63",85,"2"
2021-05-26,R001,"82",94,"2"
2021-05-17,R002,"13",35,"1"
2021-05-20,R002,"27",90,"1"
2021-05-28,R002,"54",19,"1"
2021-05-29,R002,"63",76,"1"
2021-05-21,R002,"82",31,"1"
2021-05-25,R002,"13",44,"2"
2021-05-21,R002,"27",27,"2"
2021-05-26,R002,"54",92,"2"
2021-05-30,R002,"63",51,"2"
2021-05-25,R002,"82",36,"2"
2021-05-30,R003,"13",86,"1"
2021-05-11,R003,"27",19,"1"
2021-05-13,R003,"54",56,"1"
2021-05-16,R003,"63",3,"1"
2021-01-29,R001,"43",37,"1"
2021-01-17,R001,"87",25,"1"
2021-01-24,R001,"43",66,"2"
2021-01-11,R001,"87",55,"2"
2021-01-27,R002,"43",67,"1"
2021-01-22,R002,"87",90,"1"
2021-01-21,R002,"43",38,"2"
2021-01-10,R002,"87",80,"2"
2021-01-16,R003,"43",96,"1"
2021-01-12,R003,"87",68,"1"
2021-01-22,R003,"43",62,"2"
2021-01-17,R003,"87",86,"2"
2021-01-21,R004,"43",44,"1"
2021-01-26,R004,"87",87,"1"
2021-01-12,R004,"43",71,"2"
2021-01-26,R004,"87",51,"2"
2021-02-22,R001,"43",58,"1"
2021-02-20,R001,"87",9,"1"
2021-02-15,R001,"43",82,"2"
2021-02-19,R001,"87",74,"2"
2021-02-19,R002,"43",92,"1"
2021-02-27,R002,"87",11,"1"
2021-02-14,R002,"43",99,"2"
2021-02-23,R003,"43",42,"1"
2021-02-13,R003,"87",86,"1"
2021-02-24,R003,"43",62,"2"
2021-02-23,R003,"87",2,"2"
2021-02-15,R004,"43",6,"1"
2021-02-28,R004,"87",81,"1"
2021-02-13,R004,"87",88,"2"
2021-03-14,R001,"43",58,"1"
2021-03-23,R001,"87",48,"1"
2021-03-15,R001,"43",88,"2"
2021-03-10,R001,"87",40,"2"
2021-03-14,R002,"43",28,"1"
2021-03-26,R002,"87",39,"1"
2021-03-11,R002,"43",56,"2"
2021-03-21,R002,"87",59,"2"
2021-03-29,R003,"43",59,"1"
2021-03-24,R003,"87",35,"1"
2021-03-28,R003,"43",88,"2"
2021-03-20,R003,"87",62,"2"
2021-03-20,R004,"43",29,"1"
2021-03-10,R004,"87",63,"1"
2021-03-15,R004,"43",82,"2"
2021-03-11,R004,"87",72,"2"
2021-04-21,R001,"43",96,"1"
2021-04-21,R001,"87",56,"1"
2021-04-21,R001,"43",9,"2"
2021-04-30,R001,"87",78,"2"
2021-04-17,R002,"43",72,"1"
2021-04-25,R002,"87",99,"1"
2021-04-29,R002,"43",96,"2"
2021-04-10,R002,"87",59,"2"
2021-04-29,R003,"43",38,"1"
2021-04-23,R003,"87",72,"1"
2021-04-23,R003,"43",24,"2"
2021-04-13,R003,"87",89,"2"
2021-04-20,R004,"43",100,"1"
2021-04-22,R004,"87",75,"1"
2021-04-17,R004,"43",92,"2"
2021-04-25,R004,"87",34,"2"
2021-05-14,R001,"43",98,"1"
2021-05-23,R001,"87",14,"1"
2021-05-26,R001,"43",45,"2"
2021-05-18,R001,"87",24,"2"
2021-05-19,R002,"43",38,"1"
2021-05-27,R002,"87",65,"1"
2021-05-29,R002,"43",27,"2"
2021-05-17,R002,"87",36,"2"
2021-05-20,R003,"43",55,"1"
2021-05-27,R003,"87",30,"1"
2021-05-27,R003,"43",7,"2"
2021-05-30,R003,"87",11,"2"
2021-05-27,R004,"43",19,"1"
2021-05-12,R004,"87",53,"1"
2021-05-11,R004,"43",71,"2"
2021-05-17,R004,"87",12,"2"
2021-06-23,R001,"43",46,"1"
2021-06-22,R001,"87",93,"1"
2021-06-17,R001,"43",89,"2"
2021-06-10,R001,"87",53,"2"
2021-06-16,R002,"43",69,"1"
2021-06-15,R002,"87",84,"1"
2021-06-10,R002,"43",40,"2"
2021-06-14,R002,"87",44,"2"
2021-06-29,R003,"43",4,"1"
2021-06-24,R003,"87",58,"1"
2021-06-18,R003,"43",73,"2"
2021-06-18,R003,"87",3,"2"
2021-06-15,R004,"43",96,"1"
2021-06-26,R004,"87",30,"1"
2021-06-13,R004,"43",2,"2"
2021-06-19,R004,"87",87,"2"
2021-07-18,R001,"43",90,"1"
2021-07-29,R001,"87",72,"1"
2021-07-28,R001,"43",21,"2"
2021-07-28,R001,"87",88,"2"
2021-07-26,R002,"43",16,"1"
2021-07-27,R002,"87",24,"1"
2021-07-14,R002,"43",30,"2"
2021-07-15,R002,"87",84,"2"
2021-07-24,R003,"43",12,"1"
2021-07-11,R003,"87",18,"1"
2021-07-15,R003,"43",34,"2"
2021-07-20,R003,"87",14,"2"
2021-07-13,R004,"43",14,"1"
2021-07-16,R004,"87",40,"1"
2021-07-28,R004,"43",12,"2"
2021-07-27,R004,"87",3,"2"
2021-01-28,R001,"17",45,"1"
2021-01-15,R001,"36",86,"1"
2021-01-27,R001,"68",82,"1"
2021-01-14,R001,"17",12,"2"
2021-01-20,R001,"36",12,"2"
2021-01-28,R001,"68",74,"2"
2021-01-18,R002,"17",41,"1"
2021-01-19,R002,"36",79,"1"
2021-01-22,R002,"68",66,"1"
2021-01-27,R002,"17",21,"2"
2021-01-27,R002,"36",75,"2"
2021-01-27,R002,"68",4,"2"
2021-01-23,R003,"17",68,"1"
2021-01-10,R003,"36",94,"1"
2021-01-16,R003,"68",57,"1"
2021-01-11,R003,"17",72,"2"
2021-01-29,R003,"36",33,"2"
2021-01-14,R003,"68",20,"2"
2021-01-29,R004,"17",70,"1"
2021-01-24,R004,"36",72,"1"
2021-01-11,R004,"68",98,"1"
2021-01-13,R004,"17",40,"2"
2021-01-30,R004,"36",69,"2"
2021-01-25,R004,"68",67,"2"
2021-02-14,R001,"17",61,"1"
2021-02-14,R001,"36",5,"1"
2021-02-15,R001,"68",29,"1"
2021-02-18,R001,"17",28,"2"
2021-02-21,R001,"36",14,"2"
2021-02-13,R001,"68",14,"2"
2021-02-15,R002,"17",10,"1"
2021-02-18,R002,"36",94,"1"
2021-02-18,R002,"68",75,"1"
2021-02-12,R002,"17",97,"2"
2021-02-22,R002,"36",84,"2"
2021-02-10,R003,"17",1,"1"
2021-02-10,R003,"36",98,"1"
2021-02-17,R003,"68",23,"1"
2021-02-22,R003,"17",49,"2"
2021-02-28,R003,"36",54,"2"
2021-02-14,R003,"68",77,"2"
2021-02-18,R004,"17",57,"1"
2021-02-20,R004,"36",63,"1"
2021-02-14,R004,"68",16,"1"
2021-02-25,R004,"17",69,"2"
2021-02-21,R004,"36",80,"2"
2021-02-13,R004,"68",85,"2"
2021-03-29,R001,"17",55,"1"
2021-03-19,R001,"36",66,"1"
2021-03-27,R001,"68",52,"1"
2021-03-10,R001,"17",76,"2"
2021-03-23,R001,"36",85,"2"
2021-03-27,R001,"68",91,"2"
2021-03-25,R002,"17",22,"1"
2021-03-28,R002,"36",75,"1"
2021-03-11,R002,"68",28,"1"
2021-03-10,R002,"17",29,"2"
2021-03-16,R002,"36",59,"2"
2021-03-22,R002,"68",2,"2"
2021-03-14,R003,"17",4,"1"
2021-03-21,R003,"36",44,"1"
2021-03-10,R003,"68",64,"1"
2021-03-22,R003,"17",96,"2"
2021-03-24,R003,"36",16,"2"
2021-03-23,R003,"68",18,"2"
2021-03-21,R004,"17",71,"1"
2021-03-24,R004,"36",29,"1"
2021-03-23,R004,"68",99,"1"
2021-03-29,R004,"17",40,"2"
2021-03-15,R004,"36",50,"2"
2021-03-21,R004,"68",90,"2"
2021-04-13,R001,"17",39,"1"
2021-04-24,R001,"36",7,"1"
2021-04-10,R001,"68",43,"1"
2021-04-18,R001,"17",81,"2"
2021-04-18,R001,"36",39,"2"
2021-04-22,R001,"68",17,"2"
2021-04-21,R002,"17",44,"1"
2021-04-17,R002,"36",31,"1"
2021-04-11,R002,"68",6,"1"
2021-04-18,R002,"17",86,"2"
2021-04-17,R002,"36",56,"2"
2021-04-24,R002,"68",25,"2"
2021-04-14,R003,"17",3,"1"
2021-04-12,R003,"36",22,"1"
2021-04-21,R003,"68",10,"1"
2021-04-15,R003,"17",18,"2"
2021-04-12,R003,"36",84,"2"
2021-04-27,R003,"68",40,"2"
2021-04-28,R004,"17",49,"1"
2021-04-16,R004,"36",51,"1"
2021-04-18,R004,"68",50,"1"
2021-04-28,R004,"17",42,"2"
2021-04-29,R004,"36",31,"2"
2021-04-11,R004,"68",26,"2"
2021-05-20,R001,"17",13,"1"
2021-05-20,R001,"36",86,"1"
2021-05-25,R001,"68",10,"1"
2021-05-13,R001,"17",4,"2"
2021-05-19,R001,"36",26,"2"
2021-05-10,R001,"68",29,"2"
2021-05-24,R002,"17",26,"1"
2021-05-22,R002,"36",50,"1"
2021-05-24,R002,"68",61,"1"
2021-05-24,R002,"17",46,"2"
2021-05-30,R002,"36",70,"2"
2021-05-11,R002,"68",99,"2"
2021-05-16,R003,"17",6,"1"
2021-05-20,R003,"36",47,"1"
2021-05-18,R003,"68",20,"1"
2021-05-17,R003,"17",21,"2"
2021-05-29,R003,"36",97,"2"
2021-05-25,R003,"68",5,"2"
2021-05-10,R004,"17",28,"1"
2021-05-13,R004,"36",85,"1"
2021-05-27,R004,"68",84,"1"
2021-05-21,R004,"17",21,"2"
2021-05-18,R004,"36",45,"2"
2021-05-30,R004,"68",81,"2"
2021-06-18,R001,"17",33,"1"
2021-06-16,R001,"36",44,"1"
2021-06-16,R001,"68",39,"1"
2021-06-27,R001,"17",17,"2"
2021-06-13,R001,"36",92,"2"
2021-06-14,R001,"68",90,"2"
2021-06-28,R002,"17",81,"1"
2021-06-23,R002,"36",10,"1"
2021-06-25,R002,"68",12,"1"
2021-06-23,R002,"17",100,"2"
2021-06-27,R002,"36",30,"2"
2021-06-13,R002,"68",95,"2"
2021-06-23,R003,"17",41,"1"
2021-06-20,R003,"36",34,"1"
2021-06-25,R003,"68",63,"1"
2021-06-16,R003,"17",50,"2"
2021-06-14,R003,"36",98,"2"
2021-06-25,R003,"68",39,"2"
2021-06-18,R004,"17",22,"1"
2021-06-20,R004,"36",4,"1"
2021-06-14,R004,"68",70,"1"
2021-06-26,R004,"17",39,"2"
2021-06-27,R004,"36",95,"2"
2021-06-13,R004,"68",94,"2"
2021-07-21,R001,"17",32,"1"
2021-07-28,R001,"36",77,"1"
2021-07-16,R001,"68",94,"1"
2021-07-18,R001,"17",28,"2"
2021-07-19,R001,"36",15,"2"
2021-07-25,R001,"68",72,"2"
2021-07-17,R002,"17",97,"1"
2021-07-28,R002,"36",97,"1"
2021-07-10,R002,"68",39,"1"
2021-07-23,R002,"17",47,"2"
2021-07-24,R002,"36",7,"2"
2021-07-13,R002,"68",70,"2"
2021-07-28,R003,"17",22,"1"
2021-07-22,R003,"36",60,"1"
2021-07-27,R003,"68",63,"1"
2021-07-23,R003,"17",90,"2"
2021-07-14,R003,"36",24,"2"
2021-07-24,R003,"68",81,"2"
2021-07-26,R004,"17",26,"1"
2021-07-28,R004,"36",96,"1"
2021-07-14,R004,"68",11,"1"
2021-07-21,R004,"17",89,"2"
2021-07-14,R004,"36",35,"2"
2021-07-18,R004,"68",70,"2"
2021-01-15,R001,"52",79,"1"
2021-01-22,R001,"72",19,"1"
2021-01-29,R001,"74",15,"1"
2021-01-20,R001,"76",18,"1"
2021-01-18,R001,"52",20,"2"
2021-01-26,R001,"72",71,"2"
2021-01-23,R001,"74",60,"2"
2021-01-29,R001,"76",76,"2"
2021-01-23,R002,"52",22,"1"
2021-01-30,R002,"72",36,"1"
2021-01-16,R002,"74",40,"1"
2021-01-11,R002,"76",51,"1"
2021-01-24,R002,"52",57,"2"
2021-01-24,R002,"72",9,"2"
2021-01-30,R002,"74",13,"2"
2021-01-24,R002,"76",54,"2"
2021-01-17,R003,"52",14,"1"
2021-01-23,R003,"72",27,"1"
2021-01-28,R003,"74",44,"1"
2021-01-15,R003,"76",67,"1"
2021-01-14,R003,"52",29,"2"
2021-01-25,R003,"72",89,"2"
2021-01-28,R003,"74",63,"2"
2021-01-19,R003,"76",10,"2"
2021-01-18,R004,"52",15,"1"
2021-01-23,R004,"72",71,"1"
2021-01-16,R004,"74",11,"1"
2021-01-22,R004,"76",12,"1"
2021-01-13,R004,"52",76,"2"
2021-01-21,R004,"72",57,"2"
2021-01-10,R004,"74",66,"2"
2021-01-19,R004,"76",71,"2"
2021-02-12,R001,"52",33,"1"
2021-02-21,R001,"76",78,"1"
2021-02-25,R001,"52",37,"2"
2021-02-21,R001,"72",43,"2"
2021-02-19,R001,"74",13,"2"
2021-02-18,R001,"76",69,"2"
2021-02-21,R002,"52",59,"1"
2021-02-26,R002,"72",84,"1"
2021-02-20,R002,"74",63,"1"
2021-02-14,R002,"76",35,"1"
2021-02-20,R002,"52",47,"2"
2021-02-19,R002,"72",28,"2"
2021-02-27,R002,"76",96,"2"
2021-02-11,R003,"52",36,"1"
2021-02-27,R003,"72",58,"1"
2021-02-11,R003,"74",84,"1"
2021-02-16,R003,"76",41,"1"
2021-02-21,R003,"52",78,"2"
2021-02-25,R003,"74",8,"2"
2021-02-22,R004,"52",28,"1"
2021-02-11,R004,"72",90,"1"
2021-02-22,R004,"74",22,"1"
2021-02-26,R004,"76",15,"1"
2021-02-23,R004,"52",43,"2"
2021-02-23,R004,"72",28,"2"
2021-02-14,R004,"74",21,"2"
2021-02-26,R004,"76",21,"2"
2021-03-22,R001,"52",55,"1"
2021-03-13,R001,"72",56,"1"
2021-03-16,R001,"74",95,"1"
2021-03-17,R001,"76",77,"1"
2021-03-25,R001,"52",65,"2"
2021-03-25,R001,"72",92,"2"
2021-03-25,R001,"74",46,"2"
2021-03-15,R001,"76",57,"2"
2021-03-21,R002,"52",68,"1"
2021-03-14,R002,"72",20,"1"
2021-03-19,R002,"74",4,"1"
2021-03-10,R002,"76",22,"1"
2021-03-24,R002,"52",100,"2"
2021-03-17,R002,"72",85,"2"
2021-03-28,R002,"74",85,"2"
2021-03-26,R002,"76",24,"2"
2021-03-13,R003,"52",87,"1"
2021-03-30,R003,"72",14,"1"
2021-03-11,R003,"74",42,"1"
2021-03-25,R003,"76",23,"1"
2021-03-29,R003,"52",14,"2"
2021-03-27,R003,"72",91,"2"
2021-03-25,R003,"74",63,"2"
2021-03-21,R003,"76",13,"2"
2021-03-29,R004,"52",63,"1"
2021-03-16,R004,"72",82,"1"
2021-03-16,R004,"74",86,"1"
2021-03-21,R004,"76",77,"1"
2021-03-30,R004,"52",56,"2"
2021-03-21,R004,"72",40,"2"
2021-03-16,R004,"74",28,"2"
2021-03-21,R004,"76",51,"2"
2021-04-24,R001,"52",88,"1"
2021-04-22,R001,"72",35,"1"
2021-04-28,R001,"74",7,"1"
2021-04-18,R001,"76",58,"1"
2021-04-17,R001,"52",61,"2"
2021-04-23,R001,"72",59,"2"
2021-04-24,R001,"74",91,"2"
2021-04-29,R001,"76",84,"2"
2021-04-28,R002,"52",84,"1"
2021-04-12,R002,"72",91,"1"
2021-04-30,R002,"74",93,"1"
2021-04-21,R002,"76",19,"1"
2021-04-20,R002,"52",14,"2"
2021-04-27,R002,"72",25,"2"
2021-04-16,R002,"74",21,"2"
2021-04-24,R002,"76",61,"2"
2021-04-27,R003,"52",65,"1"
2021-04-18,R003,"72",30,"1"
2021-04-19,R003,"74",65,"1"
2021-04-25,R003,"76",51,"1"
2021-04-15,R003,"52",80,"2"
2021-04-13,R003,"72",37,"2"
2021-04-15,R003,"74",95,"2"
2021-04-13,R003,"76",96,"2"
2021-04-20,R004,"52",38,"1"
2021-04-22,R004,"72",55,"1"
2021-04-25,R004,"74",17,"1"
2021-04-19,R004,"76",54,"1"
2021-04-13,R004,"52",77,"2"
2021-04-10,R004,"72",82,"2"
2021-04-10,R004,"74",46,"2"
2021-04-28,R004,"76",92,"2"
2021-05-23,R001,"52",39,"1"
2021-05-29,R001,"72",5,"1"
2021-05-16,R001,"74",73,"1"
2021-05-10,R001,"76",31,"1"
2021-05-21,R001,"52",9,"2"
2021-05-30,R001,"72",13,"2"
2021-05-29,R001,"74",55,"2"
2021-05-18,R001,"76",56,"2"
2021-05-12,R002,"52",66,"1"
2021-05-28,R002,"72",28,"1"
2021-05-30,R002,"74",31,"1"
2021-05-22,R002,"76",63,"1"
2021-05-25,R002,"52",19,"2"
2021-05-16,R002,"72",88,"2"
2021-05-16,R002,"74",64,"2"
2021-05-21,R002,"76",62,"2"
2021-05-25,R003,"52",19,"1"
2021-05-25,R003,"72",34,"1"
2021-05-16,R003,"74",75,"1"
2021-05-30,R003,"76",70,"1"
2021-05-29,R003,"52",27,"2"
2021-05-22,R003,"72",14,"2"
2021-05-12,R003,"74",84,"2"
2021-05-18,R003,"76",83,"2"
2021-05-13,R004,"52",2,"1"
2021-05-27,R004,"72",61,"1"
2021-05-28,R004,"74",23,"1"
2021-05-17,R004,"76",59,"1"
2021-05-28,R004,"52",88,"2"
2021-05-28,R004,"72",33,"2"
2021-05-14,R004,"74",82,"2"
2021-05-21,R004,"76",38,"2"
2021-06-26,R001,"52",58,"1"
2021-06-20,R001,"72",94,"1"
2021-06-21,R001,"74",98,"1"
2021-06-17,R001,"76",36,"1"
2021-06-19,R001,"52",58,"2"
2021-06-19,R001,"72",32,"2"
2021-06-26,R001,"74",56,"2"
2021-06-21,R001,"76",71,"2"
2021-06-17,R002,"52",37,"1"
2021-06-26,R002,"72",88,"1"
2021-06-13,R002,"74",21,"1"
2021-06-11,R002,"76",1,"1"
2021-06-11,R002,"52",11,"2"
2021-06-19,R002,"72",89,"2"
2021-06-23,R002,"74",62,"2"
2021-06-26,R002,"76",60,"2"
2021-06-14,R003,"52",48,"1"
2021-06-29,R003,"72",95,"1"
2021-06-25,R003,"74",72,"1"
2021-06-12,R003,"76",57,"1"
2021-06-20,R003,"52",2,"2"
2021-06-28,R003,"72",1,"2"
2021-06-21,R003,"74",85,"2"
2021-06-24,R003,"76",88,"2"
2021-05-25,R003,"93",19,"1"
2021-05-18,R003,"05",27,"2"
2021-05-10,R003,"14",75,"2"
2021-05-23,R003,"34",98,"2"
2021-05-16,R003,"62",21,"2"
2021-05-14,R003,"93",86,"2"
2021-05-13,R004,"05",14,"1"
2021-05-12,R004,"14",93,"1"
2021-05-24,R004,"34",89,"1"
2021-05-24,R004,"62",82,"1"
2021-05-20,R004,"93",69,"1"
2021-05-13,R004,"05",73,"2"
2021-05-13,R004,"14",94,"2"
2021-05-15,R004,"34",2,"2"
2021-05-24,R004,"62",92,"2"
2021-05-20,R004,"93",100,"2"
2021-06-10,R001,"05",15,"1"
2021-06-28,R001,"14",66,"1"
2021-06-22,R001,"34",89,"1"
2021-06-12,R001,"62",82,"1"
2021-06-16,R001,"93",62,"1"
2021-06-15,R001,"05",11,"2"
2021-06-29,R001,"14",47,"2"
2021-06-20,R001,"34",84,"2"
2021-06-13,R001,"62",24,"2"
2021-06-24,R001,"93",4,"2"
2021-06-23,R002,"05",91,"1"
2021-06-24,R002,"14",94,"1"
2021-06-21,R002,"34",74,"1"
2021-06-13,R002,"62",5,"1"
2021-06-17,R002,"93",80,"1"
2021-06-16,R002,"05",9,"2"
2021-06-22,R002,"14",95,"2"
2021-06-18,R002,"34",3,"2"
2021-06-29,R002,"62",76,"2"
2021-06-29,R002,"93",36,"2"
2021-06-22,R003,"05",100,"1"
2021-06-11,R003,"14",70,"1"
2021-06-10,R003,"34",50,"1"
2021-06-16,R003,"62",72,"1"
2021-06-26,R003,"93",49,"1"
2021-06-21,R003,"05",96,"2"
2021-06-19,R003,"14",84,"2"
2021-06-29,R003,"34",29,"2"
2021-06-26,R003,"62",70,"2"
2021-06-13,R003,"93",85,"2"
2021-06-19,R004,"05",81,"1"
2021-06-27,R004,"14",84,"1"
2021-06-10,R004,"34",5,"1"
2021-06-10,R004,"62",84,"1"
2021-06-30,R004,"93",83,"1"
2021-06-17,R004,"05",96,"2"
2021-06-15,R004,"14",41,"2"
2021-06-28,R004,"34",63,"2"
2021-06-27,R004,"62",2,"2"
2021-06-19,R004,"93",38,"2"
2021-07-21,R001,"05",1,"1"
2021-07-20,R001,"14",59,"1"
2021-07-13,R001,"34",5,"1"
2021-07-12,R001,"62",66,"1"
2021-07-24,R001,"93",14,"1"
2021-07-20,R001,"05",38,"2"
2021-07-19,R001,"14",70,"2"
2021-07-15,R001,"34",18,"2"
2021-07-28,R001,"62",28,"2"
2021-07-17,R001,"93",100,"2"
2021-07-13,R002,"05",74,"1"
2021-07-20,R002,"14",34,"1"
2021-07-19,R002,"34",33,"1"
2021-07-14,R002,"62",62,"1"
2021-07-26,R002,"93",89,"1"
2021-07-14,R002,"05",10,"2"
2021-07-26,R002,"14",57,"2"
2021-07-15,R002,"34",26,"2"
2021-07-12,R002,"62",99,"2"
2021-07-21,R002,"93",21,"2"
2021-07-18,R003,"05",95,"1"
2021-07-21,R003,"14",11,"1"
2021-07-18,R003,"34",67,"1"
2021-07-19,R003,"62",9,"1"
2021-07-22,R003,"93",36,"1"
2021-07-17,R003,"05",44,"2"
2021-07-26,R003,"14",71,"2"
2021-07-28,R003,"34",69,"2"
2021-07-15,R003,"62",31,"2"
2021-07-23,R003,"93",14,"2"
2021-07-17,R004,"05",29,"1"
2021-07-27,R004,"14",36,"1"
2021-07-12,R004,"34",100,"1"
2021-07-20,R004,"62",31,"1"
2021-07-30,R004,"93",32,"1"
2021-07-26,R004,"05",72,"2"
2021-07-10,R004,"14",14,"2"
2021-07-18,R004,"34",64,"2"
2021-07-11,R004,"62",91,"2"
2021-07-29,R004,"93",78,"2"
2021-01-25,R001,"07",30,"1"
2021-01-15,R001,"46",3,"1"
2021-01-18,R001,"07",40,"2"
2021-01-14,R001,"46",34,"2"
2021-01-20,R002,"07",89,"1"
2021-01-14,R002,"46",54,"1"
2021-01-18,R002,"07",54,"2"
2021-01-15,R002,"46",72,"2"
2021-01-19,R003,"07",6,"1"
2021-01-21,R003,"46",20,"1"
2021-01-27,R003,"07",90,"2"
2021-01-28,R003,"46",70,"2"
2021-01-12,R004,"07",27,"1"
2021-01-14,R004,"46",91,"1"
2021-01-17,R004,"07",71,"2"
2021-01-24,R004,"46",32,"2"
2021-02-22,R001,"07",33,"1"
2021-02-12,R001,"46",46,"1"
2021-02-22,R001,"07",8,"2"
2021-02-28,R001,"46",35,"2"
2021-02-26,R002,"07",46,"1"
2021-02-24,R002,"07",13,"2"
2021-02-18,R003,"07",49,"1"
2021-02-23,R003,"46",51,"1"
2021-02-24,R003,"07",74,"2"
2021-02-19,R003,"46",87,"2"
2021-02-10,R004,"07",64,"1"
2021-02-26,R004,"46",21,"1"
2021-02-17,R004,"07",100,"2"
2021-02-26,R004,"46",75,"2"
2021-03-10,R001,"07",38,"1"
2021-03-25,R001,"46",67,"1"
2021-03-30,R001,"07",72,"2"
2021-03-20,R001,"46",50,"2"
2021-03-29,R002,"07",71,"1"
2021-03-18,R002,"46",75,"1"
2021-03-26,R002,"07",34,"2"
2021-03-18,R002,"46",79,"2"
2021-03-29,R003,"07",55,"1"
2021-03-22,R003,"46",92,"1"
2021-03-16,R003,"07",96,"2"
2021-03-10,R003,"46",8,"2"
2021-03-27,R004,"07",54,"1"
2021-03-23,R004,"46",80,"1"
2021-03-25,R004,"07",46,"2"
2021-03-19,R004,"46",17,"2"
2021-04-25,R001,"07",74,"1"
2021-04-16,R001,"46",86,"1"
2021-04-16,R001,"07",32,"2"
2021-04-21,R001,"46",51,"2"
2021-04-15,R002,"07",54,"1"
2021-04-30,R002,"46",43,"1"
2021-04-19,R002,"07",84,"2"
2021-04-23,R002,"46",28,"2"
2021-04-23,R003,"07",77,"1"
2021-04-13,R003,"46",7,"1"
2021-04-12,R003,"07",31,"2"
2021-04-23,R003,"46",46,"2"
2021-04-29,R004,"07",57,"1"
2021-04-19,R004,"46",21,"1"
2021-04-19,R004,"07",59,"2"
2021-04-29,R004,"46",81,"2"
2021-05-13,R001,"07",45,"1"
2021-05-18,R001,"46",84,"1"
2021-05-19,R001,"07",12,"2"
2021-05-12,R001,"46",37,"2"
2021-05-27,R002,"07",33,"1"
2021-05-15,R002,"46",77,"1"
2021-05-20,R002,"07",50,"2"
2021-05-25,R002,"46",23,"2"
2021-05-28,R003,"07",99,"1"
2021-05-26,R003,"46",95,"1"
2021-05-26,R003,"07",57,"2"
2021-05-25,R003,"46",83,"2"
2021-05-19,R004,"07",19,"1"
2021-05-20,R004,"46",65,"1"
2021-05-13,R004,"07",90,"2"
2021-05-14,R004,"46",65,"2"
2021-06-27,R001,"07",23,"1"
2021-06-20,R001,"46",23,"1"
2021-06-25,R001,"07",34,"2"
2021-06-11,R001,"46",39,"2"
2021-06-20,R002,"07",97,"1"
2021-06-13,R002,"46",85,"1"
2021-06-25,R002,"07",82,"2"
2021-06-12,R002,"46",86,"2"
2021-06-16,R003,"07",99,"1"
2021-06-27,R003,"46",54,"1"
2021-06-25,R003,"07",88,"2"
2021-06-14,R003,"46",70,"2"
2021-06-15,R004,"07",40,"1"
2021-06-13,R004,"46",16,"1"
2021-06-13,R004,"07",89,"2"
2021-06-19,R004,"46",4,"2"
2021-07-22,R001,"07",58,"1"
2021-07-23,R001,"46",41,"1"
2021-07-21,R001,"07",20,"2"
2021-07-18,R001,"46",62,"2"
2021-07-28,R002,"07",11,"1"
2021-07-11,R002,"46",79,"1"
2021-07-13,R002,"07",22,"2"
2021-07-26,R002,"46",47,"2"
2021-07-28,R003,"07",72,"1"
2021-07-29,R003,"46",40,"1"
2021-07-20,R003,"07",29,"2"
2021-07-16,R003,"46",20,"2"
2021-07-19,R004,"07",5,"1"
2021-07-23,R004,"46",63,"1"
2021-07-20,R004,"07",36,"2"
2021-07-15,R004,"46",11,"2"
2021-06-13,R004,"15",95,"1"
2021-06-15,R004,"24",59,"1"
2021-06-17,R004,"50",22,"1"
2021-06-23,R004,"55",94,"1"
2021-06-18,R004,"15",94,"2"
2021-06-11,R004,"24",40,"2"
2021-06-25,R004,"50",25,"2"
2021-06-25,R004,"55",43,"2"
2021-07-28,R001,"15",65,"1"
2021-07-19,R001,"24",74,"1"
2021-07-30,R001,"50",19,"1"
2021-07-13,R001,"55",67,"1"
2021-07-23,R001,"15",91,"2"
2021-07-12,R001,"24",33,"2"
2021-07-22,R001,"50",5,"2"
2021-07-14,R001,"55",89,"2"
2021-07-26,R002,"15",62,"1"
2021-07-12,R002,"24",58,"1"
2021-07-23,R002,"50",24,"1"
2021-07-24,R002,"55",41,"1"
2021-07-14,R002,"15",20,"2"
2021-07-27,R002,"24",8,"2"
2021-07-19,R002,"50",60,"2"
2021-07-11,R002,"55",52,"2"
2021-07-26,R003,"15",59,"1"
2021-07-29,R003,"24",60,"1"
2021-07-17,R003,"50",69,"1"
2021-07-14,R003,"55",36,"1"
2021-07-22,R003,"15",99,"2"
2021-07-28,R003,"24",59,"2"
2021-07-20,R003,"50",81,"2"
2021-07-25,R003,"55",55,"2"
2021-07-12,R004,"15",37,"1"
2021-07-27,R004,"24",35,"1"
2021-07-18,R004,"50",85,"1"
2021-07-21,R004,"55",71,"1"
2021-07-29,R004,"15",39,"2"
2021-07-12,R004,"24",47,"2"
2021-07-15,R004,"50",99,"2"
2021-07-26,R004,"55",71,"2"
2021-01-22,R001,"06",45,"1"
2021-01-14,R001,"22",7,"1"
2021-01-29,R001,"30",35,"1"
2021-01-14,R001,"35",30,"1"
2021-01-17,R001,"48",95,"1"
2021-01-21,R001,"58",44,"1"
2021-01-19,R001,"61",16,"1"
2021-01-12,R001,"06",4,"2"
2021-01-23,R001,"22",34,"2"
2021-01-12,R001,"30",73,"2"
2021-01-27,R001,"35",11,"2"
2021-01-27,R001,"48",54,"2"
2021-01-29,R001,"58",77,"2"
2021-01-15,R001,"61",63,"2"
2021-01-29,R002,"06",2,"1"
2021-01-24,R002,"22",96,"1"
2021-01-14,R002,"30",49,"1"
2021-01-16,R002,"35",4,"1"
2021-01-29,R002,"48",54,"1"
2021-01-27,R002,"58",13,"1"
2021-01-13,R002,"61",98,"1"
2021-01-18,R002,"06",35,"2"
2021-01-22,R002,"22",9,"2"
2021-01-16,R002,"30",39,"2"
2021-01-15,R002,"35",39,"2"
2021-01-30,R002,"48",22,"2"
2021-01-27,R002,"58",63,"2"
2021-01-13,R002,"61",25,"2"
2021-01-11,R003,"06",87,"1"
2021-01-12,R003,"22",36,"1"
2021-01-30,R003,"30",99,"1"
2021-01-23,R003,"35",67,"1"
2021-01-16,R003,"48",25,"1"
2021-01-29,R003,"58",28,"1"
2021-01-27,R003,"61",56,"1"
2021-01-24,R003,"06",50,"2"
2021-01-19,R003,"22",33,"2"
2021-01-16,R003,"30",91,"2"
2021-01-27,R003,"35",29,"2"
2021-01-12,R003,"48",16,"2"
2021-01-18,R003,"58",16,"2"
2021-01-23,R003,"61",100,"2"
2021-01-30,R004,"06",7,"1"
2021-01-16,R004,"22",10,"1"
2021-01-29,R004,"30",17,"1"
2021-01-28,R004,"35",92,"1"
2021-01-10,R004,"48",28,"1"
2021-01-13,R004,"58",79,"1"
2021-01-13,R004,"61",24,"1"
2021-01-29,R004,"06",19,"2"
2021-01-30,R004,"22",15,"2"
2021-01-16,R004,"30",81,"2"
2021-01-17,R004,"35",78,"2"
2021-01-21,R004,"48",31,"2"
2021-01-23,R004,"58",83,"2"
2021-01-22,R004,"61",21,"2"
2021-02-20,R001,"06",5,"1"
2021-02-19,R001,"22",94,"1"
2021-02-26,R001,"30",57,"1"
2021-02-22,R001,"35",6,"1"
2021-02-21,R001,"48",31,"1"
2021-02-26,R001,"58",4,"1"
2021-02-14,R001,"61",43,"1"
2021-02-28,R001,"06",9,"2"
2021-02-24,R001,"22",28,"2"
2021-02-11,R001,"30",1,"2"
2021-02-22,R001,"35",85,"2"
2021-02-12,R001,"48",73,"2"
2021-02-17,R001,"58",11,"2"
2021-02-18,R001,"61",21,"2"
2021-02-15,R002,"06",39,"1"
2021-02-26,R002,"22",79,"1"
2021-02-11,R002,"30",88,"1"
2021-02-14,R002,"35",77,"1"
2021-02-12,R002,"48",45,"1"
2021-02-11,R002,"61",49,"1"
2021-02-12,R002,"06",13,"2"
2021-02-13,R002,"22",17,"2"
2021-02-14,R002,"30",68,"2"
2021-02-10,R002,"35",34,"2"
2021-02-12,R002,"48",23,"2"
2021-02-21,R002,"58",88,"2"
2021-02-18,R002,"61",85,"2"
2021-02-24,R003,"06",83,"1"
2021-02-13,R003,"22",14,"1"
2021-02-10,R003,"30",63,"1"
2021-02-13,R003,"35",55,"1"
2021-02-23,R003,"48",4,"1"
2021-02-26,R003,"58",4,"1"
2021-02-26,R003,"61",1,"1"
2021-02-14,R003,"06",1,"2"
2021-02-21,R003,"22",34,"2"
2021-02-11,R003,"35",7,"2"
2021-02-15,R003,"48",14,"2"
2021-02-10,R003,"58",9,"2"
2021-02-23,R003,"61",31,"2"
2021-02-18,R004,"06",88,"1"
2021-02-18,R004,"22",81,"1"
2021-02-11,R004,"30",6,"1"
2021-02-23,R004,"35",22,"1"
2021-02-13,R004,"48",58,"1"
2021-02-12,R004,"58",63,"1"
2021-02-27,R004,"61",79,"1"
2021-02-15,R004,"06",52,"2"
2021-02-11,R004,"22",89,"2"
2021-02-18,R004,"35",99,"2"
2021-02-14,R004,"48",69,"2"
2021-02-12,R004,"58",87,"2"
2021-02-19,R004,"61",44,"2"
2021-03-17,R001,"06",44,"1"
2021-03-24,R001,"22",73,"1"
2021-03-27,R001,"30",92,"1"
2021-03-10,R001,"35",66,"1"
2021-03-27,R001,"48",9,"1"
2021-03-27,R001,"58",41,"1"
2021-03-14,R001,"61",7,"1"
2021-03-20,R001,"06",67,"2"
2021-03-22,R001,"22",95,"2"
2021-03-30,R001,"30",83,"2"
2021-03-24,R001,"35",18,"2"
2021-03-13,R001,"48",55,"2"
2021-03-30,R001,"58",23,"2"
2021-03-25,R001,"61",79,"2"
2021-03-18,R002,"06",17,"1"
2021-03-30,R002,"22",99,"1"
2021-03-18,R002,"30",43,"1"
2021-03-26,R002,"35",60,"1"
2021-03-18,R002,"48",91,"1"
2021-03-19,R002,"58",42,"1"
2021-03-19,R002,"61",32,"1"
2021-03-22,R002,"06",41,"2"
2021-03-21,R002,"22",34,"2"
2021-03-15,R002,"30",86,"2"
2021-03-28,R002,"35",43,"2"
2021-03-23,R002,"48",62,"2"
2021-03-14,R002,"58",6,"2"
2021-03-15,R002,"61",84,"2"
2021-03-28,R003,"06",59,"1"
2021-03-16,R003,"22",95,"1"
2021-03-24,R003,"30",88,"1"
2021-03-15,R003,"35",2,"1"
2021-03-10,R003,"48",69,"1"
2021-03-20,R003,"58",25,"1"
2021-03-15,R003,"61",59,"1"
2021-03-28,R003,"06",74,"2"
2021-03-16,R003,"22",84,"2"
2021-03-20,R003,"30",24,"2"
2021-03-17,R003,"35",67,"2"
2021-03-29,R003,"48",98,"2"
2021-03-20,R003,"58",9,"2"
2021-03-10,R003,"61",38,"2"
2021-03-12,R004,"06",57,"1"
2021-03-19,R004,"22",63,"1"
2021-03-26,R004,"30",34,"1"
2021-03-21,R004,"35",58,"1"
2021-03-19,R004,"48",65,"1"
2021-03-13,R004,"58",71,"1"
2021-03-17,R004,"61",2,"1"
2021-03-27,R004,"06",93,"2"
2021-03-23,R004,"22",11,"2"
2021-03-26,R004,"30",4,"2"
2021-03-18,R004,"35",71,"2"
2021-03-13,R004,"48",77,"2"
2021-03-11,R004,"58",48,"2"
2021-03-15,R004,"61",10,"2"
2021-04-27,R001,"06",57,"1"
2021-04-15,R001,"22",69,"1"
2021-04-21,R001,"30",24,"1"
2021-04-25,R001,"35",47,"1"
2021-04-22,R001,"48",6,"1"
2021-04-14,R001,"58",47,"1"
2021-04-30,R001,"61",10,"1"
2021-04-22,R001,"06",53,"2"
2021-04-25,R001,"22",61,"2"
2021-04-14,R001,"30",47,"2"
2021-04-19,R001,"35",99,"2"
2021-04-11,R001,"48",22,"2"
2021-04-25,R001,"58",18,"2"
2021-04-26,R001,"61",76,"2"
2021-04-10,R002,"06",70,"1"
2021-04-14,R002,"22",40,"1"
2021-04-26,R004,"60",27,"1"
2021-04-12,R004,"66",27,"1"
2021-04-23,R004,"08",76,"2"
2021-04-22,R004,"18",48,"2"
2021-04-23,R004,"42",5,"2"
2021-04-11,R004,"53",84,"2"
2021-04-25,R004,"60",25,"2"
2021-04-30,R004,"66",91,"2"
2021-05-29,R001,"08",56,"1"
2021-05-18,R001,"18",55,"1"
2021-05-26,R001,"42",17,"1"
2021-05-17,R001,"53",39,"1"
2021-05-22,R001,"60",69,"1"
2021-05-27,R001,"66",19,"1"
2021-05-22,R001,"08",24,"2"
2021-05-18,R001,"18",51,"2"
2021-05-11,R001,"42",92,"2"
2021-05-13,R001,"53",40,"2"
2021-05-12,R001,"60",62,"2"
2021-05-23,R001,"66",35,"2"
2021-05-17,R002,"08",22,"1"
2021-05-11,R002,"18",74,"1"
2021-05-14,R002,"42",5,"1"
2021-05-11,R002,"53",13,"1"
2021-05-16,R002,"60",11,"1"
2021-05-23,R002,"66",53,"1"
2021-05-12,R002,"08",43,"2"
2021-05-10,R002,"18",53,"2"
2021-05-19,R002,"42",22,"2"
2021-05-13,R002,"53",2,"2"
2021-05-14,R002,"60",36,"2"
2021-05-15,R002,"66",100,"2"
2021-05-15,R003,"08",5,"1"
2021-05-28,R003,"18",68,"1"
2021-05-27,R003,"42",25,"1"
2021-05-29,R003,"53",14,"1"
2021-05-29,R003,"60",87,"1"
2021-05-22,R003,"66",8,"1"
2021-05-29,R003,"08",50,"2"
2021-05-28,R003,"18",42,"2"
2021-05-30,R003,"42",84,"2"
2021-05-24,R003,"53",35,"2"
2021-05-14,R003,"60",34,"2"
2021-05-21,R003,"66",10,"2"
2021-05-20,R004,"08",11,"1"
2021-05-27,R004,"18",92,"1"
2021-05-30,R004,"42",85,"1"
2021-05-22,R004,"53",38,"1"
2021-05-30,R004,"60",88,"1"
2021-05-11,R004,"66",48,"1"
2021-05-14,R004,"08",27,"2"
2021-05-16,R004,"18",90,"2"
2021-05-13,R004,"42",25,"2"
2021-05-19,R004,"53",12,"2"
2021-05-18,R004,"60",11,"2"
2021-05-19,R004,"66",85,"2"
2021-06-11,R001,"08",20,"1"
2021-06-21,R001,"18",34,"1"
2021-06-20,R001,"42",90,"1"
2021-06-21,R001,"53",13,"1"
2021-06-24,R001,"60",74,"1"
2021-06-24,R001,"66",82,"1"
2021-06-26,R001,"08",99,"2"
2021-06-30,R001,"18",100,"2"
2021-06-22,R001,"42",13,"2"
2021-06-22,R001,"53",37,"2"
2021-06-28,R001,"60",47,"2"
2021-06-21,R001,"66",12,"2"
2021-06-14,R002,"08",7,"1"
2021-06-26,R002,"18",21,"1"
2021-06-18,R002,"42",47,"1"
2021-06-13,R002,"53",76,"1"
2021-06-20,R002,"60",22,"1"
2021-06-22,R002,"66",15,"1"
2021-06-24,R002,"08",3,"2"
2021-06-30,R002,"18",6,"2"
2021-06-18,R002,"42",34,"2"
2021-06-23,R002,"53",7,"2"
2021-06-21,R002,"60",57,"2"
2021-06-17,R002,"66",62,"2"
2021-06-25,R003,"08",66,"1"
2021-06-26,R003,"18",8,"1"
2021-06-24,R003,"42",92,"1"
2021-06-28,R003,"53",47,"1"
2021-06-14,R003,"60",54,"1"
2021-06-12,R003,"66",27,"1"
2021-06-17,R003,"08",78,"2"
2021-06-16,R003,"18",13,"2"
2021-06-24,R003,"42",33,"2"
2021-06-27,R003,"53",89,"2"
2021-06-27,R003,"60",64,"2"
2021-06-18,R003,"66",69,"2"
2021-06-21,R004,"08",27,"1"
2021-06-23,R004,"18",5,"1"
2021-06-17,R004,"42",72,"1"
2021-06-12,R004,"53",58,"1"
2021-06-15,R004,"60",66,"1"
2021-06-15,R004,"66",87,"1"
2021-06-23,R004,"08",26,"2"
2021-06-19,R004,"18",84,"2"
2021-06-10,R004,"42",99,"2"
2021-06-10,R004,"53",95,"2"
2021-06-22,R004,"60",23,"2"
2021-06-21,R004,"66",82,"2"
2021-07-22,R001,"08",78,"1"
2021-07-16,R001,"18",57,"1"
2021-07-20,R001,"42",45,"1"
2021-07-10,R001,"53",82,"1"
2021-07-30,R001,"60",44,"1"
2021-07-11,R001,"66",76,"1"
2021-07-18,R001,"08",25,"2"
2021-07-24,R001,"18",7,"2"
2021-07-28,R001,"42",28,"2"
2021-07-12,R001,"53",25,"2"
2021-07-22,R001,"60",59,"2"
2021-07-11,R001,"66",12,"2"
2021-07-14,R002,"08",18,"1"
2021-07-29,R002,"18",70,"1"
2021-07-18,R002,"42",52,"1"
2021-07-28,R002,"53",91,"1"
2021-07-25,R002,"60",18,"1"
2021-07-14,R002,"66",5,"1"
2021-07-15,R002,"08",96,"2"
2021-07-16,R002,"18",61,"2"
2021-07-28,R002,"42",7,"2"
2021-07-23,R002,"53",85,"2"
2021-07-18,R002,"60",43,"2"
2021-07-12,R002,"66",14,"2"
2021-07-28,R003,"08",21,"1"
2021-07-11,R003,"18",9,"1"
2021-07-21,R003,"42",12,"1"
2021-07-29,R003,"53",18,"1"
2021-07-12,R003,"60",39,"1"
2021-07-12,R003,"66",27,"1"
2021-07-19,R003,"08",51,"2"
2021-07-25,R003,"18",75,"2"
2021-07-19,R003,"42",73,"2"
2021-07-30,R003,"53",25,"2"
2021-07-25,R003,"60",17,"2"
2021-07-18,R003,"66",71,"2"
2021-07-11,R004,"08",64,"1"
2021-07-12,R004,"18",17,"1"
2021-07-11,R004,"42",74,"1"
2021-07-29,R004,"53",24,"1"
2021-07-14,R004,"60",72,"1"
2021-07-23,R004,"66",75,"1"
2021-07-10,R004,"08",88,"2"
2021-07-19,R004,"18",22,"2"
2021-07-22,R004,"42",9,"2"
2021-07-18,R004,"53",60,"2"
2021-07-17,R004,"60",8,"2"
2021-07-17,R004,"66",58,"2"
2021-05-23,R003,"82",50,"1"
2021-05-23,R003,"13",79,"2"
2021-05-23,R003,"27",60,"2"
2021-05-20,R003,"54",80,"2"
2021-05-15,R003,"63",55,"2"
2021-05-11,R003,"82",92,"2"
2021-05-22,R004,"13",9,"1"
2021-05-13,R004,"27",93,"1"
2021-05-12,R004,"54",60,"1"
2021-05-13,R004,"63",100,"1"
2021-05-11,R004,"82",50,"1"
2021-05-14,R004,"13",94,"2"
2021-05-15,R004,"27",34,"2"
2021-05-21,R004,"54",39,"2"
2021-05-30,R004,"63",45,"2"
2021-05-24,R004,"82",50,"2"
2021-06-20,R001,"13",35,"1"
2021-06-24,R001,"27",32,"1"
2021-06-12,R001,"54",88,"1"
2021-06-21,R001,"63",95,"1"
2021-06-27,R001,"82",81,"1"
2021-06-13,R001,"13",54,"2"
2021-06-20,R001,"27",49,"2"
2021-06-11,R001,"54",57,"2"
2021-06-27,R001,"63",33,"2"
2021-06-20,R001,"82",86,"2"
2021-06-21,R002,"13",70,"1"
2021-06-18,R002,"27",84,"1"
2021-06-28,R002,"54",67,"1"
2021-06-28,R002,"63",4,"1"
2021-06-25,R002,"82",31,"1"
2021-06-20,R002,"13",74,"2"
2021-06-21,R002,"27",95,"2"
2021-06-18,R002,"54",32,"2"
2021-06-10,R002,"63",79,"2"
2021-06-27,R002,"82",55,"2"
2021-06-19,R003,"13",61,"1"
2021-06-23,R003,"27",34,"1"
2021-06-30,R003,"54",36,"1"
2021-06-22,R003,"63",25,"1"
2021-06-26,R003,"82",25,"1"
2021-06-11,R003,"13",89,"2"
2021-06-27,R003,"27",81,"2"
2021-06-11,R003,"54",34,"2"
2021-06-22,R003,"63",80,"2"
2021-06-26,R003,"82",93,"2"
2021-06-26,R004,"13",61,"1"
2021-06-11,R004,"27",9,"1"
2021-06-20,R004,"54",89,"1"
2021-06-28,R004,"63",24,"1"
2021-06-23,R004,"82",76,"1"
2021-06-16,R004,"13",55,"2"
2021-06-10,R004,"27",12,"2"
2021-06-12,R004,"54",90,"2"
2021-06-18,R004,"63",37,"2"
2021-06-28,R004,"82",73,"2"
2021-07-22,R001,"13",27,"1"
2021-07-29,R001,"27",40,"1"
2021-07-16,R001,"54",31,"1"
2021-07-19,R001,"63",8,"1"
2021-07-27,R001,"82",35,"1"
2021-07-10,R001,"13",42,"2"
2021-07-30,R001,"27",18,"2"
2021-07-17,R001,"54",15,"2"
2021-07-19,R001,"63",20,"2"
2021-07-10,R001,"82",60,"2"
2021-07-13,R002,"13",100,"1"
2021-07-29,R002,"27",99,"1"
2021-07-23,R002,"54",37,"1"
2021-07-13,R002,"63",69,"1"
2021-07-20,R002,"82",5,"1"
2021-07-18,R002,"13",66,"2"
2021-07-14,R002,"27",33,"2"
2021-07-17,R002,"54",6,"2"
2021-07-20,R002,"63",37,"2"
2021-07-26,R002,"82",22,"2"
2021-07-12,R003,"13",10,"1"
2021-07-15,R003,"27",97,"1"
2021-07-27,R003,"54",77,"1"
2021-07-22,R003,"63",47,"1"
2021-07-12,R003,"82",89,"1"
2021-07-20,R003,"13",53,"2"
2021-07-29,R003,"27",50,"2"
2021-07-13,R003,"54",51,"2"
2021-07-22,R003,"63",100,"2"
2021-07-16,R003,"82",69,"2"
2021-07-10,R004,"13",45,"1"
2021-07-13,R004,"27",64,"1"
2021-07-15,R004,"54",30,"1"
2021-07-16,R004,"63",9,"1"
2021-07-23,R004,"82",41,"1"
2021-07-11,R004,"13",13,"2"
2021-07-17,R004,"27",90,"2"
2021-07-23,R004,"54",25,"2"
2021-07-19,R004,"63",83,"2"
2021-07-27,R004,"82",39,"2"
2021-06-23,R004,"52",6,"1"
2021-06-23,R004,"72",23,"1"
2021-06-25,R004,"74",71,"1"
2021-06-16,R004,"76",82,"1"
2021-06-26,R004,"52",46,"2"
2021-06-14,R004,"72",99,"2"
2021-06-24,R004,"74",60,"2"
2021-06-30,R004,"76",15,"2"
2021-07-21,R001,"52",93,"1"
2021-07-13,R001,"72",69,"1"
2021-07-26,R001,"74",73,"1"
2021-07-24,R001,"76",18,"1"
2021-07-19,R001,"52",72,"2"
2021-07-22,R001,"72",46,"2"
2021-07-16,R001,"74",68,"2"
2021-07-21,R001,"76",47,"2"
2021-07-11,R002,"52",64,"1"
2021-07-14,R002,"72",49,"1"
2021-07-25,R002,"74",44,"1"
2021-07-24,R002,"76",57,"1"
2021-07-21,R002,"52",4,"2"
2021-07-26,R002,"72",71,"2"
2021-07-27,R002,"74",34,"2"
2021-07-27,R002,"76",83,"2"
2021-07-12,R003,"52",32,"1"
2021-07-20,R003,"72",86,"1"
2021-07-29,R003,"74",72,"1"
2021-07-19,R003,"76",59,"1"
2021-07-13,R003,"52",56,"2"
2021-07-17,R003,"72",93,"2"
2021-07-16,R003,"74",50,"2"
2021-07-26,R003,"76",56,"2"
2021-07-30,R004,"52",49,"1"
2021-07-10,R004,"72",23,"1"
2021-07-11,R004,"74",1,"1"
2021-07-26,R004,"76",36,"1"
2021-07-14,R004,"52",56,"2"
2021-07-26,R004,"72",52,"2"
2021-07-25,R004,"74",18,"2"
2021-07-26,R004,"76",31,"2"
2021-04-30,R002,"30",45,"1"
2021-04-20,R002,"35",72,"1"
2021-04-19,R002,"48",40,"1"
2021-04-18,R002,"58",74,"1"
2021-04-12,R002,"61",4,"1"
2021-04-26,R002,"06",13,"2"
2021-04-30,R002,"22",2,"2"
2021-04-14,R002,"30",55,"2"
2021-04-30,R002,"35",28,"2"
2021-04-24,R002,"48",39,"2"
2021-04-28,R002,"58",33,"2"
2021-04-21,R002,"61",20,"2"
2021-04-19,R003,"06",50,"1"
2021-04-25,R003,"22",62,"1"
2021-04-17,R003,"30",8,"1"
2021-04-21,R003,"35",99,"1"
2021-04-15,R003,"48",7,"1"
2021-04-15,R003,"58",57,"1"
2021-04-10,R003,"61",98,"1"
2021-04-18,R003,"06",91,"2"
2021-04-23,R003,"22",91,"2"
2021-04-16,R003,"30",53,"2"
2021-04-14,R003,"35",38,"2"
2021-04-22,R003,"48",29,"2"
2021-04-17,R003,"58",30,"2"
2021-04-15,R003,"61",68,"2"
2021-04-18,R004,"06",90,"1"
2021-04-21,R004,"22",4,"1"
2021-04-11,R004,"30",99,"1"
2021-04-13,R004,"35",50,"1"
2021-04-17,R004,"48",64,"1"
2021-04-10,R004,"58",43,"1"
2021-04-23,R004,"61",89,"1"
2021-04-27,R004,"06",73,"2"
2021-04-19,R004,"22",73,"2"
2021-04-26,R004,"30",100,"2"
2021-04-22,R004,"35",67,"2"
2021-04-18,R004,"48",40,"2"
2021-04-10,R004,"58",75,"2"
2021-04-22,R004,"61",22,"2"
2021-05-12,R001,"06",18,"1"
2021-05-29,R001,"22",63,"1"
2021-05-13,R001,"30",30,"1"
2021-05-21,R001,"35",94,"1"
2021-05-23,R001,"48",22,"1"
2021-05-20,R001,"58",84,"1"
2021-05-12,R001,"61",36,"1"
2021-05-29,R001,"06",56,"2"
2021-05-26,R001,"22",70,"2"
2021-05-13,R001,"30",2,"2"
2021-05-16,R001,"35",74,"2"
2021-05-19,R001,"48",5,"2"
2021-05-20,R001,"58",13,"2"
2021-05-20,R001,"61",80,"2"
2021-05-11,R002,"06",76,"1"
2021-05-27,R002,"22",44,"1"
2021-05-26,R002,"30",37,"1"
2021-05-19,R002,"35",37,"1"
2021-05-18,R002,"48",40,"1"
2021-05-27,R002,"58",3,"1"
2021-05-22,R002,"61",20,"1"
2021-05-26,R002,"06",32,"2"
2021-05-28,R002,"22",71,"2"
2021-05-15,R002,"30",29,"2"
2021-05-22,R002,"35",39,"2"
2021-05-16,R002,"48",10,"2"
2021-05-10,R002,"58",53,"2"
2021-05-14,R002,"61",74,"2"
2021-05-24,R003,"06",91,"1"
2021-05-11,R003,"22",13,"1"
2021-05-26,R003,"30",10,"1"
2021-05-27,R003,"35",9,"1"
2021-05-30,R003,"48",22,"1"
2021-05-29,R003,"58",78,"1"
2021-05-17,R003,"61",6,"1"
2021-05-23,R003,"06",59,"2"
2021-05-19,R003,"22",90,"2"
2021-05-20,R003,"30",78,"2"
2021-05-21,R003,"35",33,"2"
2021-05-15,R003,"48",27,"2"
2021-05-24,R003,"58",4,"2"
2021-05-27,R003,"61",39,"2"
2021-05-24,R004,"06",14,"1"
2021-05-13,R004,"22",71,"1"
2021-05-17,R004,"30",20,"1"
2021-05-25,R004,"35",20,"1"
2021-05-10,R004,"48",26,"1"
2021-05-12,R004,"58",76,"1"
2021-05-13,R004,"61",15,"1"
2021-05-18,R004,"06",53,"2"
2021-05-29,R004,"22",63,"2"
2021-05-26,R004,"30",4,"2"
2021-05-13,R004,"35",65,"2"
2021-05-27,R004,"48",24,"2"
2021-05-10,R004,"58",88,"2"
2021-05-26,R004,"61",7,"2"
2021-06-12,R001,"06",35,"1"
2021-06-11,R001,"22",15,"1"
2021-06-30,R001,"30",4,"1"
2021-06-27,R001,"35",87,"1"
2021-06-12,R001,"48",45,"1"
2021-06-26,R001,"58",90,"1"
2021-06-23,R001,"61",63,"1"
2021-06-12,R001,"06",32,"2"
2021-06-25,R001,"22",48,"2"
2021-06-10,R001,"30",42,"2"
2021-06-25,R001,"35",49,"2"
2021-06-14,R001,"48",49,"2"
2021-06-21,R001,"58",88,"2"
2021-06-15,R001,"61",4,"2"
2021-06-19,R002,"06",69,"1"
2021-06-14,R002,"22",15,"1"
2021-06-12,R002,"30",16,"1"
2021-06-13,R002,"35",38,"1"
2021-06-18,R002,"48",84,"1"
2021-06-19,R002,"58",20,"1"
2021-06-29,R002,"61",84,"1"
2021-06-18,R002,"06",10,"2"
2021-06-21,R002,"22",59,"2"
2021-06-12,R002,"30",30,"2"
2021-06-27,R002,"35",39,"2"
2021-06-20,R002,"48",70,"2"
2021-06-28,R002,"58",97,"2"
2021-06-10,R002,"61",47,"2"
2021-06-17,R003,"06",17,"1"
2021-06-28,R003,"22",28,"1"
2021-06-26,R003,"30",76,"1"
2021-06-19,R003,"35",8,"1"
2021-06-29,R003,"48",23,"1"
2021-06-25,R003,"58",69,"1"
2021-06-16,R003,"61",26,"1"
2021-06-11,R003,"06",49,"2"
2021-06-21,R003,"22",11,"2"
2021-06-30,R003,"30",62,"2"
2021-06-13,R003,"35",12,"2"
2021-06-15,R003,"48",60,"2"
2021-06-30,R003,"58",96,"2"
2021-06-29,R003,"61",87,"2"
2021-06-19,R004,"06",9,"1"
2021-06-21,R004,"22",90,"1"
2021-01-13,R001,"11",53,"1"
2021-01-29,R001,"11",52,"2"
2021-01-25,R002,"11",78,"1"
2021-01-16,R002,"11",4,"2"
2021-01-11,R003,"11",82,"1"
2021-01-12,R003,"11",63,"2"
2021-01-26,R004,"11",31,"1"
2021-01-30,R004,"11",11,"2"
2021-02-21,R001,"11",52,"1"
2021-02-17,R001,"11",72,"2"
2021-02-12,R002,"11",49,"1"
2021-02-17,R002,"11",73,"2"
2021-02-27,R003,"11",92,"1"
2021-02-17,R004,"11",66,"1"
2021-02-13,R004,"11",1,"2"
2021-03-28,R001,"11",70,"1"
2021-03-13,R001,"11",53,"2"
2021-03-23,R002,"11",7,"1"
2021-03-27,R002,"11",88,"2"
2021-03-29,R003,"11",86,"1"
2021-03-29,R003,"11",15,"2"
2021-03-28,R004,"11",24,"1"
2021-03-19,R004,"11",98,"2"
2021-04-29,R001,"11",82,"1"
2021-04-11,R001,"11",100,"2"
2021-04-24,R002,"11",66,"1"
2021-04-28,R002,"11",95,"2"
2021-04-30,R003,"11",11,"1"
2021-04-13,R003,"11",41,"2"
2021-04-18,R004,"11",54,"1"
2021-04-13,R004,"11",38,"2"
2021-05-11,R001,"11",37,"1"
2021-05-13,R001,"11",69,"2"
2021-05-19,R002,"11",4,"1"
2021-05-12,R002,"11",83,"2"
2021-05-16,R003,"11",70,"1"
2021-05-14,R003,"11",21,"2"
2021-05-12,R004,"11",82,"1"
2021-05-27,R004,"11",66,"2"
2021-06-21,R001,"11",25,"1"
2021-02-01,R003,"11",29,"2"
2021-06-15,R004,"30",39,"1"
2021-06-14,R004,"35",20,"1"
2021-06-18,R004,"48",11,"1"
2021-06-14,R004,"58",12,"1"
2021-06-22,R004,"61",54,"1"
2021-06-22,R004,"06",55,"2"
2021-06-11,R004,"22",53,"2"
2021-06-25,R004,"30",39,"2"
2021-06-15,R004,"35",5,"2"
2021-06-28,R004,"48",92,"2"
2021-06-23,R004,"58",40,"2"
2021-06-14,R004,"61",39,"2"
2021-07-26,R001,"06",59,"1"
2021-07-12,R001,"22",84,"1"
2021-07-12,R001,"30",28,"1"
2021-07-27,R001,"35",58,"1"
2021-07-26,R001,"48",17,"1"
2021-07-30,R001,"58",8,"1"
2021-07-27,R001,"61",54,"1"
2021-07-30,R001,"06",23,"2"
2021-07-18,R001,"22",13,"2"
2021-07-30,R001,"30",100,"2"
2021-07-10,R001,"35",92,"2"
2021-07-22,R001,"48",74,"2"
2021-07-19,R001,"58",79,"2"
2021-07-13,R001,"61",51,"2"
2021-07-28,R002,"06",39,"1"
2021-07-24,R002,"22",63,"1"
2021-07-16,R002,"30",8,"1"
2021-07-25,R002,"35",19,"1"
2021-07-15,R002,"48",71,"1"
2021-07-21,R002,"58",75,"1"
2021-07-29,R002,"61",90,"1"
2021-07-24,R002,"06",28,"2"
2021-07-26,R002,"22",54,"2"
2021-07-21,R002,"30",7,"2"
2021-07-15,R002,"35",26,"2"
2021-07-28,R002,"48",11,"2"
2021-07-15,R002,"58",53,"2"
2021-07-21,R002,"61",92,"2"
2021-07-25,R003,"06",74,"1"
2021-07-29,R003,"22",54,"1"
2021-07-25,R003,"30",43,"1"
2021-07-21,R003,"35",33,"1"
2021-07-11,R003,"48",10,"1"
2021-07-27,R003,"58",62,"1"
2021-07-18,R003,"61",13,"1"
2021-07-28,R003,"06",4,"2"
2021-07-27,R003,"22",24,"2"
2021-07-14,R003,"30",67,"2"
2021-07-27,R003,"35",92,"2"
2021-07-15,R003,"48",9,"2"
2021-07-13,R003,"58",56,"2"
2021-07-27,R003,"61",37,"2"
2021-07-27,R004,"06",95,"1"
2021-07-23,R004,"22",78,"1"
2021-07-30,R004,"30",100,"1"
2021-07-24,R004,"35",47,"1"
2021-07-16,R004,"48",14,"1"
2021-07-16,R004,"58",25,"1"
2021-07-18,R004,"61",43,"1"
2021-07-21,R004,"06",75,"2"
2021-07-27,R004,"22",31,"2"
2021-07-17,R004,"30",99,"2"
2021-07-15,R004,"35",11,"2"
2021-07-22,R004,"48",52,"2"
2021-07-28,R004,"58",37,"2"
2021-07-20,R004,"61",43,"2"
