"material","region","distr_chan","price"
128047,R001,"1",7085
177415,R001,"2",1956
219595,R001,"2",7601
248819,R001,"2",4395
294075,R001,"2",7066
333636,R001,"2",6219
373043,R001,"2",5682
413697,R001,"2",1269
450444,R001,"1",5875
467658,R001,"1",5895
493448,R001,"1",2925
514311,R001,"1",8335
530778,R001,"2",7434
535010,R001,"1",2497
607842,R001,"1",2505
617507,R001,"1",8673
637541,R001,"1",6115
688000,R001,"1",3831
705613,R001,"2",1282
712092,R001,"2",8777
731309,R001,"1",2827
760538,R001,"1",7541
772041,R001,"1",1330
775519,R001,"2",9988
801813,R001,"2",1565
831317,R001,"2",7173
841839,R001,"1",6908
863186,R001,"2",2535
879645,R001,"1",3117
886798,R001,"1",6972
912503,R001,"1",7603
943996,R001,"1",4644
973410,R001,"1",8321
1017079,R001,"2",2757
1033320,R001,"2",8426
1095465,R001,"2",6725
1096614,R001,"1",2025
1099985,R001,"1",8495
1112670,R001,"1",4345
1116704,R001,"1",9382
1160542,R001,"1",2016
1208842,R001,"2",4838
1237444,R001,"1",1105
1242530,R001,"2",1266
1333131,R001,"2",3138
1390252,R001,"2",3622
1390773,R001,"2",6024
1392835,R001,"1",2337
1404592,R001,"1",1864
128047,R002,"1",3308
177415,R002,"2",8036
219595,R002,"1",9629
248819,R002,"2",8920
294075,R002,"2",7686
333636,R002,"1",2173
373043,R002,"1",1706
413697,R002,"2",6404
450444,R002,"1",4534
467658,R002,"2",3019
493448,R002,"1",1225
514311,R002,"2",5136
530778,R002,"2",6992
535010,R002,"2",5118
607842,R002,"1",5271
617507,R002,"2",1189
637541,R002,"1",7835
688000,R002,"2",7993
705613,R002,"2",3308
712092,R002,"1",5232
731309,R002,"1",6071
760538,R002,"2",4330
772041,R002,"1",1789
775519,R002,"1",3266
801813,R002,"1",7070
831317,R002,"2",8843
841839,R002,"2",1047
863186,R002,"2",9268
879645,R002,"2",5317
886798,R002,"1",8201
912503,R002,"1",8535
943996,R002,"1",2772
973410,R002,"2",3571
1017079,R002,"2",5609
1033320,R002,"2",6240
1095465,R002,"1",5350
1096614,R002,"2",9607
1099985,R002,"2",3060
1112670,R002,"2",9249
1116704,R002,"2",1291
1160542,R002,"1",4161
1208842,R002,"1",7216
1237444,R002,"1",7475
1242530,R002,"1",9741
1333131,R002,"1",3111
1390252,R002,"2",5039
1390773,R002,"2",6587
1392835,R002,"1",4596
1404592,R002,"2",6037
128047,R003,"1",3409
177415,R003,"2",1194
219595,R003,"1",7445
248819,R003,"2",7945
294075,R003,"1",1813
333636,R003,"1",3915
373043,R003,"1",3263
413697,R003,"1",4922
450444,R003,"2",1913
467658,R003,"2",7148
493448,R003,"1",4878
514311,R003,"1",5182
530778,R003,"2",6637
535010,R003,"2",6633
607842,R003,"1",6486
617507,R003,"1",6858
637541,R003,"1",5481
688000,R003,"1",6417
705613,R003,"2",4122
712092,R003,"1",8584
731309,R003,"1",7359
760538,R003,"2",5297
772041,R003,"2",9211
775519,R003,"2",9292
801813,R003,"2",4017
831317,R003,"1",3014
841839,R003,"2",7511
863186,R003,"2",4618
879645,R003,"1",1160
886798,R003,"2",4878
912503,R003,"2",6737
943996,R003,"1",6961
973410,R003,"2",4680
1017079,R003,"2",9919
1033320,R003,"2",3644
1095465,R003,"2",2389
1096614,R003,"2",6843
1099985,R003,"1",7320
1112670,R003,"2",1877
1116704,R003,"2",3811
1160542,R003,"2",5778
1208842,R003,"1",2224
1237444,R003,"2",5757
1242530,R003,"2",8172
1333131,R003,"2",8952
1390252,R003,"1",3523
1390773,R003,"1",1845
1392835,R003,"1",6017
1404592,R003,"2",7196
128047,R004,"2",8168
177415,R004,"2",1654
219595,R004,"1",6774
248819,R004,"1",4093
294075,R004,"1",4891
333636,R004,"2",1192
373043,R004,"2",2391
413697,R004,"2",8839
450444,R004,"1",9022
467658,R004,"2",7000
493448,R004,"2",9182
514311,R004,"1",1484
530778,R004,"2",6167
535010,R004,"1",6505
607842,R004,"2",6932
617507,R004,"1",7521
637541,R004,"1",5309
688000,R004,"2",1741
705613,R004,"1",7447
712092,R004,"2",2615
731309,R004,"1",8790
760538,R004,"1",1429
772041,R004,"1",2824
775519,R004,"1",7571
801813,R004,"1",1937
831317,R004,"1",5819
841839,R004,"2",2813
863186,R004,"1",4429
879645,R004,"1",8988
886798,R004,"1",7911
912503,R004,"2",8309
943996,R004,"2",4095
973410,R004,"2",9904
1017079,R004,"2",2333
1033320,R004,"2",6930
1095465,R004,"1",2092
1096614,R004,"1",2674
1099985,R004,"2",2361
1112670,R004,"1",6450
1116704,R004,"2",9523
1160542,R004,"1",5450
1208842,R004,"2",4510
1237444,R004,"1",9663
1242530,R004,"1",3539
1333131,R004,"2",3327
1390252,R004,"2",9844
1390773,R004,"1",1353
1392835,R004,"1",9555
1404592,R004,"1",4536
59199,R001,"2",1179
199593,R001,"2",2258
373124,R001,"1",3878
376584,R001,"2",7314
442987,R001,"2",1046
457151,R001,"2",5188
506842,R001,"2",3293
519956,R001,"2",2114
520666,R001,"2",4922
558686,R001,"1",4226
566622,R001,"1",7206
569543,R001,"2",8949
606358,R001,"2",6234
606453,R001,"1",4779
623182,R001,"1",7162
637829,R001,"1",2341
698992,R001,"1",9964
717993,R001,"1",1340
720016,R001,"2",9536
728666,R001,"1",8875
731499,R001,"1",8215
732080,R001,"1",5049
740636,R001,"1",9619
743922,R001,"1",7729
744121,R001,"2",3329
750386,R001,"1",5785
759626,R001,"2",7926
815108,R001,"2",9569
821724,R001,"2",9669
831348,R001,"2",8278
893599,R001,"2",3765
900573,R001,"2",5587
902090,R001,"1",2812
939480,R001,"1",9888
954913,R001,"1",2361
961809,R001,"2",6834
990746,R001,"2",9057
1000994,R001,"1",8491
1003686,R001,"2",4030
1022978,R001,"2",1180
1025518,R001,"1",1951
1072402,R001,"1",4583
1115290,R001,"2",3466
1126171,R001,"2",4628
1132016,R001,"2",8305
1137889,R001,"2",1713
1166625,R001,"2",5627
1169668,R001,"2",8778
1180494,R001,"1",1319
1224122,R001,"1",1817
1251129,R001,"2",2924
1265969,R001,"1",1786
1268008,R001,"1",6401
1305308,R001,"2",4392
1322668,R001,"2",7250
1331639,R001,"2",8709
1421997,R001,"2",8381
59199,R002,"1",6193
199593,R002,"2",5624
373124,R002,"2",9629
376584,R002,"1",9343
442987,R002,"2",7565
457151,R002,"1",4743
506842,R002,"1",4376
519956,R002,"1",6544
520666,R002,"2",8082
558686,R002,"2",5091
566622,R002,"2",6602
569543,R002,"1",1533
606358,R002,"1",2265
606453,R002,"2",2503
623182,R002,"1",7629
637829,R002,"1",8958
698992,R002,"1",8713
717993,R002,"2",4521
720016,R002,"1",2375
728666,R002,"2",6645
731499,R002,"2",3771
732080,R002,"1",2762
740636,R002,"2",3405
743922,R002,"2",7580
744121,R002,"2",3155
750386,R002,"1",1687
759626,R002,"2",1169
815108,R002,"2",4917
821724,R002,"2",3748
831348,R002,"1",3573
893599,R002,"2",6310
900573,R002,"2",4321
902090,R002,"1",9470
939480,R002,"1",4511
954913,R002,"1",7855
961809,R002,"1",8951
990746,R002,"2",8668
1000994,R002,"2",5147
1003686,R002,"1",3166
1022978,R002,"1",5945
1025518,R002,"1",1984
1072402,R002,"2",5399
1115290,R002,"2",3200
1126171,R002,"1",3605
1132016,R002,"1",4864
1137889,R002,"1",1768
1166625,R002,"2",7212
1169668,R002,"2",2848
1180494,R002,"1",7261
1224122,R002,"1",8787
1251129,R002,"1",3472
1265969,R002,"2",3703
1268008,R002,"1",4021
1305308,R002,"1",3803
1322668,R002,"1",6333
1331639,R002,"2",7449
1421997,R002,"1",7371
59199,R003,"1",4762
199593,R003,"1",4897
373124,R003,"2",4407
376584,R003,"2",6594
442987,R003,"2",8891
457151,R003,"2",2956
506842,R003,"1",5638
519956,R003,"2",2634
520666,R003,"1",7255
558686,R003,"1",1875
566622,R003,"1",6339
569543,R003,"1",6573
606358,R003,"2",2997
606453,R003,"2",9444
623182,R003,"2",2642
637829,R003,"1",9656
698992,R003,"2",9324
717993,R003,"1",3774
720016,R003,"1",7341
728666,R003,"1",5357
731499,R003,"1",2006
732080,R003,"2",3927
740636,R003,"1",3551
743922,R003,"2",6607
744121,R003,"1",2094
750386,R003,"1",6195
759626,R003,"1",4204
815108,R003,"2",7018
821724,R003,"1",5771
831348,R003,"1",9226
893599,R003,"2",5217
900573,R003,"2",9137
902090,R003,"1",9358
939480,R003,"2",7983
954913,R003,"2",8632
961809,R003,"2",6327
990746,R003,"2",3089
1000994,R003,"1",9011
1003686,R003,"1",3907
1022978,R003,"2",4685
1025518,R003,"2",9629
1072402,R003,"1",8526
1115290,R003,"2",3718
1126171,R003,"2",7659
1132016,R003,"1",7987
1137889,R003,"1",3406
1166625,R003,"2",4418
1169668,R003,"2",9413
1180494,R003,"2",6887
1224122,R003,"2",4100
1251129,R003,"1",1912
1265969,R003,"2",3156
1268008,R003,"2",3216
1305308,R003,"2",1222
1322668,R003,"2",4669
1331639,R003,"2",4680
1421997,R003,"2",6035
59199,R004,"1",6352
199593,R004,"2",7605
373124,R004,"2",1979
376584,R004,"2",3335
442987,R004,"1",6047
457151,R004,"2",9803
506842,R004,"1",8892
519956,R004,"2",8721
520666,R004,"1",1567
558686,R004,"1",3737
566622,R004,"2",9582
569543,R004,"1",7709
606358,R004,"1",4150
606453,R004,"2",7569
623182,R004,"2",2892
637829,R004,"2",4915
698992,R004,"2",1138
717993,R004,"2",5400
720016,R004,"2",5409
728666,R004,"2",8969
731499,R004,"2",9626
732080,R004,"2",9915
740636,R004,"2",9328
743922,R004,"1",9715
744121,R004,"2",5898
750386,R004,"1",4823
759626,R004,"2",2995
815108,R004,"2",5889
821724,R004,"1",4409
831348,R004,"1",9048
893599,R004,"2",5856
900573,R004,"1",5656
902090,R004,"1",2248
939480,R004,"1",5489
954913,R004,"2",4576
961809,R004,"2",2296
990746,R004,"1",5254
1000994,R004,"2",5752
1003686,R004,"2",1423
1022978,R004,"2",8012
1025518,R004,"2",6043
1072402,R004,"2",6972
1115290,R004,"1",9723
1126171,R004,"1",1985
1132016,R004,"1",8066
1137889,R004,"2",9362
1166625,R004,"1",5834
1169668,R004,"1",5156
1180494,R004,"2",8403
1224122,R004,"2",3178
1251129,R004,"1",6193
1265969,R004,"2",9598
1268008,R004,"2",6260
1305308,R004,"2",4543
189439,R001,"1",3270
324347,R001,"2",2949
345212,R001,"1",4385
357480,R001,"1",1400
357619,R001,"2",5101
359884,R001,"2",5731
374926,R001,"1",4038
413787,R001,"1",5975
457306,R001,"2",8223
474315,R001,"1",7358
485205,R001,"1",5215
489540,R001,"2",1845
489541,R001,"1",1155
497575,R001,"1",5033
507431,R001,"1",8500
527233,R001,"1",7974
628760,R001,"2",8514
632591,R001,"1",6605
644320,R001,"1",1308
662994,R001,"2",9801
673769,R001,"1",5864
719027,R001,"2",6560
719822,R001,"1",3191
734286,R001,"1",2041
767760,R001,"1",2110
789911,R001,"1",1333
817922,R001,"2",4485
839496,R001,"2",4642
871768,R001,"1",8164
873575,R001,"2",1767
884220,R001,"2",9831
899448,R001,"2",5603
900338,R001,"1",1566
953897,R001,"1",4656
955501,R001,"1",3620
983807,R001,"1",6715
1008173,R001,"2",9683
1069216,R001,"2",9481
1082253,R001,"1",4609
1095997,R001,"1",3727
1104540,R001,"1",4555
1107234,R001,"1",8076
1109318,R001,"1",3809
1123219,R001,"2",4589
1183238,R001,"2",2653
1206754,R001,"2",4842
1237916,R001,"1",7825
1265627,R001,"1",1868
1278935,R001,"1",7910
1286027,R001,"2",8542
1304831,R001,"1",6259
1307896,R001,"2",7782
1323228,R001,"1",8166
1361365,R001,"1",1044
1371149,R001,"2",5071
189439,R002,"2",2288
324347,R002,"1",7741
345212,R002,"1",8613
357480,R002,"1",6413
357619,R002,"2",3727
359884,R002,"2",1944
374926,R002,"1",2561
413787,R002,"2",9405
457306,R002,"1",9930
474315,R002,"1",4525
485205,R002,"2",8393
489540,R002,"2",3340
489541,R002,"1",4937
497575,R002,"2",7631
507431,R002,"1",5783
527233,R002,"2",3547
628760,R002,"2",6673
632591,R002,"1",7579
644320,R002,"1",2798
662994,R002,"2",5452
673769,R002,"2",2561
719027,R002,"1",6805
719822,R002,"1",7745
734286,R002,"1",2646
767760,R002,"1",4433
789911,R002,"2",7153
817922,R002,"2",3432
839496,R002,"1",1144
871768,R002,"1",7081
873575,R002,"2",2380
884220,R002,"2",5383
899448,R002,"1",5957
900338,R002,"1",2982
953897,R002,"1",4700
955501,R002,"1",1185
983807,R002,"2",9578
1008173,R002,"1",8435
1069216,R002,"1",5038
1082253,R002,"2",7209
1095997,R002,"1",9822
1104540,R002,"2",8079
1107234,R002,"2",1873
1109318,R002,"2",4597
1123219,R002,"2",1988
1183238,R002,"1",8070
1206754,R002,"1",3979
1237916,R002,"1",5105
1265627,R002,"1",7895
1278935,R002,"1",1081
1286027,R002,"2",8427
1304831,R002,"2",4555
1307896,R002,"1",1062
1323228,R002,"2",4058
1361365,R002,"2",7405
1371149,R002,"2",6888
189439,R003,"1",8415
324347,R003,"1",7916
345212,R003,"2",8845
357480,R003,"1",7101
357619,R003,"2",5202
359884,R003,"1",4014
374926,R003,"1",8344
413787,R003,"2",1869
457306,R003,"2",6725
474315,R003,"1",2549
485205,R003,"2",7386
489540,R003,"1",8648
489541,R003,"2",8109
497575,R003,"2",6312
507431,R003,"1",8383
527233,R003,"1",5664
628760,R003,"1",6212
632591,R003,"1",1958
644320,R003,"1",2474
662994,R003,"1",9760
673769,R003,"1",5634
719027,R003,"1",8651
719822,R003,"2",8876
734286,R003,"2",6573
767760,R003,"2",9927
789911,R003,"1",6449
817922,R003,"1",9835
839496,R003,"1",5904
871768,R003,"2",3336
873575,R003,"1",4162
884220,R003,"1",9148
899448,R003,"1",1900
900338,R003,"2",9929
953897,R003,"1",8394
955501,R003,"2",9612
983807,R003,"1",2774
1008173,R003,"1",8742
1069216,R003,"1",3884
1082253,R003,"2",4298
1095997,R003,"1",4575
1104540,R003,"1",5991
1107234,R003,"1",2975
1109318,R003,"1",4273
1123219,R003,"2",8758
1183238,R003,"2",5351
1206754,R003,"2",2071
1237916,R003,"2",8788
1265627,R003,"2",7373
1278935,R003,"2",5384
1286027,R003,"1",4680
1304831,R003,"1",6515
1307896,R003,"1",7829
1323228,R003,"2",2130
1361365,R003,"1",6970
1371149,R003,"1",5584
189439,R004,"2",6059
324347,R004,"1",3724
345212,R004,"1",3416
357480,R004,"2",5931
357619,R004,"1",5924
359884,R004,"2",3053
374926,R004,"2",1642
413787,R004,"2",3403
457306,R004,"2",8161
474315,R004,"2",2600
485205,R004,"1",7336
489540,R004,"2",3712
489541,R004,"2",4166
497575,R004,"2",9734
507431,R004,"1",3939
527233,R004,"1",1159
628760,R004,"1",2132
632591,R004,"1",2817
644320,R004,"1",5155
662994,R004,"2",9095
673769,R004,"1",9187
719027,R004,"2",6766
719822,R004,"1",7682
734286,R004,"2",7055
767760,R004,"2",1682
789911,R004,"2",4105
817922,R004,"2",8008
839496,R004,"1",7260
871768,R004,"2",3771
873575,R004,"1",6881
884220,R004,"2",9386
899448,R004,"1",5162
900338,R004,"1",9853
953897,R004,"1",6815
955501,R004,"1",6670
983807,R004,"2",5380
1008173,R004,"1",2004
1069216,R004,"2",2725
1082253,R004,"2",2535
1095997,R004,"1",6922
1104540,R004,"1",4372
1107234,R004,"1",6182
1109318,R004,"1",8105
1123219,R004,"2",4605
1183238,R004,"1",8770
1206754,R004,"2",8924
1237916,R004,"2",8465
1265627,R004,"2",9209
1278935,R004,"2",1632
1286027,R004,"1",4496
1304831,R004,"2",5343
1307896,R004,"1",8457
1323228,R004,"1",9647
1361365,R004,"1",7640
1371149,R004,"2",8156
128636,R001,"2",3126
194879,R001,"1",2290
252291,R001,"2",3575
268031,R001,"2",1859
300734,R001,"2",5669
356771,R001,"2",5941
405949,R001,"2",9163
412422,R001,"2",4892
457444,R001,"2",4613
470202,R001,"2",9734
482206,R001,"1",4611
530599,R001,"2",2578
560077,R001,"2",2955
565864,R001,"1",8558
633719,R001,"1",5403
655389,R001,"2",7739
664872,R001,"2",8878
701540,R001,"1",4323
745919,R001,"1",4074
747029,R001,"1",5389
761286,R001,"1",2490
773582,R001,"2",3476
787626,R001,"1",2964
788210,R001,"1",9208
813982,R001,"2",7770
844585,R001,"2",4913
952943,R001,"2",6697
976201,R001,"1",7517
977315,R001,"1",8589
977921,R001,"1",5087
980266,R001,"2",2815
993493,R001,"1",7721
1006756,R001,"2",3884
1060003,R001,"1",4434
1061563,R001,"1",2106
1098579,R001,"1",7457
1146347,R001,"1",2532
1146928,R001,"1",4541
1176812,R001,"1",5926
1190672,R001,"1",6435
1198115,R001,"2",3265
1199656,R001,"2",7921
1207634,R001,"1",8364
1228352,R001,"2",6038
1231151,R001,"1",7590
1246107,R001,"2",2245
1278581,R001,"1",1928
1297240,R001,"1",9013
1323806,R001,"1",9046
1368319,R001,"2",1147
1407009,R001,"2",2767
1421473,R001,"2",5775
1425397,R001,"2",5220
1426782,R001,"2",2477
128636,R002,"1",8744
194879,R002,"2",2561
252291,R002,"2",8117
268031,R002,"1",7377
300734,R002,"1",2320
356771,R002,"2",9333
405949,R002,"1",5398
412422,R002,"2",7229
457444,R002,"2",5164
470202,R002,"2",6330
482206,R002,"1",2229
530599,R002,"1",4282
560077,R002,"1",2314
565864,R002,"2",8544
633719,R002,"2",4235
655389,R002,"2",8196
664872,R002,"1",5318
701540,R002,"2",6889
745919,R002,"2",2502
747029,R002,"1",2787
761286,R002,"2",3909
773582,R002,"2",8205
787626,R002,"2",5878
788210,R002,"2",7056
813982,R002,"2",3297
844585,R002,"1",2758
952943,R002,"1",6133
976201,R002,"2",4675
977315,R002,"1",3165
977921,R002,"1",6925
980266,R002,"2",1311
993493,R002,"1",5107
1006756,R002,"2",8219
1060003,R002,"2",4429
1061563,R002,"1",9153
1098579,R002,"2",7844
1146347,R002,"1",2286
1146928,R002,"2",1672
1176812,R002,"2",9904
1190672,R002,"2",7678
1198115,R002,"1",8540
1199656,R002,"2",6296
1207634,R002,"2",3526
1228352,R002,"2",8377
1231151,R002,"2",6093
1246107,R002,"1",8485
1278581,R002,"1",8832
1297240,R002,"1",5581
1323806,R002,"2",1325
1368319,R002,"2",5418
1407009,R002,"1",2735
1421473,R002,"2",1110
1425397,R002,"1",2025
1426782,R002,"1",1773
128636,R003,"2",8804
194879,R003,"1",1549
252291,R003,"1",8753
268031,R003,"1",2573
300734,R003,"1",4187
356771,R003,"2",8005
405949,R003,"2",9917
412422,R003,"2",2989
457444,R003,"2",8230
470202,R003,"1",9884
482206,R003,"1",8179
530599,R003,"1",8338
560077,R003,"2",5937
565864,R003,"1",9441
633719,R003,"2",7173
655389,R003,"2",9807
664872,R003,"1",9284
701540,R003,"2",4514
745919,R003,"1",2495
747029,R003,"2",5979
761286,R003,"2",4575
773582,R003,"2",6430
787626,R003,"1",3398
788210,R003,"2",4948
813982,R003,"2",8316
844585,R003,"2",9853
952943,R003,"2",3169
976201,R003,"2",8335
977315,R003,"1",1833
977921,R003,"2",5363
980266,R003,"2",7544
993493,R003,"2",8125
1006756,R003,"1",7308
1060003,R003,"2",8351
1061563,R003,"2",9364
1098579,R003,"2",2950
1146347,R003,"2",8349
1146928,R003,"2",3914
1176812,R003,"1",6350
1190672,R003,"2",9861
1198115,R003,"2",3863
1199656,R003,"2",5481
1207634,R003,"2",5771
1228352,R003,"2",3985
1231151,R003,"1",5985
1246107,R003,"1",6454
1278581,R003,"1",4351
1297240,R003,"2",2314
1323806,R003,"2",6490
1368319,R003,"2",9249
1407009,R003,"2",6674
1421473,R003,"1",6669
1425397,R003,"1",8303
1426782,R003,"2",4328
128636,R004,"1",6133
194879,R004,"1",2035
252291,R004,"1",2781
268031,R004,"1",9915
300734,R004,"1",8731
356771,R004,"1",8710
405949,R004,"2",1058
412422,R004,"1",5667
457444,R004,"1",4805
470202,R004,"1",2501
482206,R004,"1",6563
530599,R004,"1",2932
560077,R004,"1",7973
565864,R004,"1",9439
633719,R004,"1",2115
655389,R004,"1",4634
664872,R004,"2",6678
701540,R004,"2",2691
745919,R004,"1",7526
747029,R004,"2",3410
761286,R004,"1",8858
773582,R004,"1",1475
787626,R004,"1",7148
788210,R004,"1",3182
813982,R004,"1",3009
844585,R004,"2",1962
952943,R004,"2",5285
976201,R004,"1",3360
977315,R004,"1",5411
977921,R004,"2",4394
980266,R004,"2",8323
993493,R004,"1",3048
1006756,R004,"1",2478
1060003,R004,"2",7641
1061563,R004,"2",7202
1098579,R004,"1",6794
1146347,R004,"1",7464
1146928,R004,"2",2638
1176812,R004,"2",8638
1190672,R004,"1",1654
1198115,R004,"1",3356
1199656,R004,"1",8686
1207634,R004,"1",2902
1228352,R004,"1",8473
1231151,R004,"2",6867
1246107,R004,"2",6435
1278581,R004,"1",8078
1297240,R004,"1",8266
1323806,R004,"2",2539
1368319,R004,"1",8031
1407009,R004,"1",1496
1421473,R004,"1",6211
1425397,R004,"2",7529
1426782,R004,"1",9544
135492,R001,"2",9547
137400,R001,"1",7189
186154,R001,"2",3316
294299,R001,"1",9452
295093,R001,"2",7630
309606,R001,"1",4367
330725,R001,"2",4406
338827,R001,"1",9880
349151,R001,"1",9740
369103,R001,"1",7019
387058,R001,"1",3781
409556,R001,"2",4751
443655,R001,"2",8358
495006,R001,"1",2484
515199,R001,"1",8339
675236,R001,"2",9263
739746,R001,"2",9995
748804,R001,"2",4000
785917,R001,"1",6430
793477,R001,"2",8101
843741,R001,"1",3194
854877,R001,"1",7546
887406,R001,"2",6221
917594,R001,"2",4423
959683,R001,"2",1331
987556,R001,"1",6927
996702,R001,"2",5332
1026360,R001,"1",1783
1034413,R001,"2",6257
1040716,R001,"1",3203
1045621,R001,"2",7729
1077886,R001,"2",9511
1096884,R001,"1",9576
1133607,R001,"2",3029
1139926,R001,"1",4230
1144297,R001,"2",7413
1170408,R001,"1",6831
1193387,R001,"2",4713
1206509,R001,"2",4995
1241602,R001,"1",2209
1269037,R001,"2",3042
1275723,R001,"2",3370
1277556,R001,"2",4588
1288661,R001,"2",1940
1316230,R001,"2",2238
1319802,R001,"2",9335
1327815,R001,"1",5866
1361683,R001,"1",4887
1391986,R001,"1",9864
1411186,R001,"1",6102
1412097,R001,"1",4922
1421018,R001,"2",1515
135492,R002,"1",7342
137400,R002,"2",3566
186154,R002,"2",2109
294299,R002,"2",2545
295093,R002,"1",4395
309606,R002,"1",6897
330725,R002,"2",8877
338827,R002,"1",2203
349151,R002,"1",4636
369103,R002,"1",1088
387058,R002,"1",7997
409556,R002,"2",6652
443655,R002,"1",3242
495006,R002,"1",8578
515199,R002,"2",9100
675236,R002,"2",3894
739746,R002,"2",5717
748804,R002,"1",4172
785917,R002,"1",7678
793477,R002,"2",5386
843741,R002,"2",2286
854877,R002,"1",6474
887406,R002,"1",1097
917594,R002,"2",3835
959683,R002,"2",8883
987556,R002,"1",6426
996702,R002,"2",1078
1026360,R002,"2",7710
1034413,R002,"1",5798
1040716,R002,"2",2240
1045621,R002,"1",8256
1077886,R002,"1",8022
1096884,R002,"2",7767
1133607,R002,"2",5970
1139926,R002,"2",2572
1144297,R002,"1",9052
1170408,R002,"1",9988
1193387,R002,"1",6157
1206509,R002,"1",1769
1241602,R002,"1",9591
1269037,R002,"1",3012
1275723,R002,"2",1313
1277556,R002,"2",7433
1288661,R002,"2",5134
1316230,R002,"2",2426
1319802,R002,"2",7510
1327815,R002,"1",1823
1361683,R002,"1",6534
1391986,R002,"2",2080
1411186,R002,"2",1496
1412097,R002,"1",6838
1421018,R002,"1",6346
135492,R003,"1",3436
137400,R003,"2",4191
186154,R003,"2",3592
294299,R003,"2",8863
295093,R003,"2",2380
309606,R003,"2",4995
330725,R003,"1",6667
338827,R003,"1",6088
349151,R003,"2",1809
369103,R003,"1",2860
387058,R003,"1",4921
409556,R003,"1",2770
443655,R003,"2",7740
495006,R003,"1",1050
515199,R003,"2",6468
675236,R003,"2",5062
739746,R003,"2",5595
748804,R003,"1",2435
785917,R003,"2",9926
793477,R003,"1",6859
843741,R003,"2",1359
854877,R003,"1",5327
887406,R003,"2",2970
917594,R003,"2",4401
959683,R003,"2",9609
987556,R003,"1",6716
996702,R003,"1",9051
1026360,R003,"1",3612
1034413,R003,"1",9899
1040716,R003,"1",1563
1045621,R003,"1",3061
1077886,R003,"1",3874
1096884,R003,"2",6286
1133607,R003,"2",7942
1139926,R003,"1",5958
1144297,R003,"2",3134
1170408,R003,"2",7644
1193387,R003,"1",4950
1206509,R003,"1",1330
1241602,R003,"1",1209
1269037,R003,"1",1425
1275723,R003,"2",8844
1277556,R003,"2",8173
1288661,R003,"2",4056
1316230,R003,"2",9112
1319802,R003,"1",2373
1327815,R003,"2",7999
1361683,R003,"1",7945
1391986,R003,"2",7321
1411186,R003,"1",7108
1412097,R003,"2",8904
1421018,R003,"1",5608
135492,R004,"2",4525
137400,R004,"1",4871
186154,R004,"1",8594
294299,R004,"2",6623
295093,R004,"2",4363
309606,R004,"2",4039
330725,R004,"2",8230
338827,R004,"1",5473
349151,R004,"1",8819
369103,R004,"1",9255
387058,R004,"1",5230
409556,R004,"1",6789
443655,R004,"1",6622
495006,R004,"2",6887
515199,R004,"1",2290
675236,R004,"1",8298
739746,R004,"1",1050
748804,R004,"2",7765
785917,R004,"2",3062
793477,R004,"2",5939
843741,R004,"2",7486
854877,R004,"2",4057
887406,R004,"1",1631
917594,R004,"2",5625
959683,R004,"1",9018
987556,R004,"2",6847
996702,R004,"1",6206
1026360,R004,"2",5569
1034413,R004,"2",8447
1040716,R004,"1",1362
1045621,R004,"1",8823
1077886,R004,"1",4694
1096884,R004,"1",9771
1133607,R004,"2",2102
1139926,R004,"2",2986
1144297,R004,"1",3470
1170408,R004,"1",1934
1193387,R004,"1",1666
1206509,R004,"2",6196
1241602,R004,"1",2538
1269037,R004,"1",5298
1275723,R004,"1",1409
1277556,R004,"2",1747
1288661,R004,"1",7990
1316230,R004,"2",1714
1319802,R004,"2",8370
1327815,R004,"2",2920
1361683,R004,"2",8693
1391986,R004,"2",7581
1411186,R004,"1",8153
1412097,R004,"1",4099
1421018,R004,"1",9143
71463,R001,"1",2605
194401,R001,"2",1886
234826,R001,"2",4121
330759,R001,"1",6573
380972,R001,"2",5950
510686,R001,"2",5574
512480,R001,"2",8984
531932,R001,"2",9344
535699,R001,"1",7558
572471,R001,"1",1654
603907,R001,"1",6369
658945,R001,"1",3030
714509,R001,"2",9663
716393,R001,"1",4862
722243,R001,"1",3436
724361,R001,"1",4681
727929,R001,"1",2444
752290,R001,"2",3515
752773,R001,"2",7983
762892,R001,"1",7382
831876,R001,"2",4334
841790,R001,"2",3958
861542,R001,"2",1471
877083,R001,"1",3793
877557,R001,"2",2459
925024,R001,"2",9884
933898,R001,"1",4744
946632,R001,"2",7036
979657,R001,"2",3120
998798,R001,"2",1025
1019964,R001,"1",4911
1039051,R001,"1",2735
1054282,R001,"1",2327
1104306,R001,"2",5034
1124821,R001,"1",4612
1149412,R001,"1",4937
1153844,R001,"1",9752
1159352,R001,"2",4346
1178124,R001,"1",7754
1183818,R001,"2",5412
1194669,R001,"1",6634
1202718,R001,"1",8405
1205525,R001,"2",9280
1213275,R001,"2",6968
1246574,R001,"1",6841
1354544,R001,"2",6971
1374650,R001,"2",3729
1406676,R001,"1",6697
71463,R002,"1",7859
194401,R002,"1",9214
234826,R002,"2",8206
330759,R002,"2",1301
380972,R002,"2",8924
510686,R002,"1",5452
512480,R002,"2",3373
531932,R002,"2",5665
535699,R002,"1",9321
572471,R002,"1",9130
603907,R002,"2",9825
658945,R002,"1",2607
714509,R002,"1",2301
716393,R002,"1",6768
722243,R002,"2",5203
724361,R002,"1",7367
727929,R002,"2",4927
752290,R002,"2",5539
752773,R002,"1",8678
762892,R002,"1",7593
831876,R002,"2",4031
841790,R002,"2",8660
861542,R002,"2",8368
877083,R002,"2",9427
877557,R002,"2",6828
925024,R002,"1",2065
933898,R002,"2",6838
946632,R002,"1",3007
979657,R002,"1",3726
998798,R002,"2",6613
1019964,R002,"2",1107
1039051,R002,"2",2779
1054282,R002,"2",8376
1104306,R002,"1",6056
1124821,R002,"2",8521
1149412,R002,"2",8963
1153844,R002,"2",9925
1159352,R002,"2",7048
1178124,R002,"2",9774
1183818,R002,"2",2616
1194669,R002,"2",6867
1202718,R002,"2",8015
1205525,R002,"2",3065
1213275,R002,"1",9811
1246574,R002,"1",2635
1354544,R002,"2",7497
1374650,R002,"2",7568
1406676,R002,"1",7268
71463,R003,"2",1972
194401,R003,"1",9208
234826,R003,"2",9375
330759,R003,"1",8780
380972,R003,"2",8975
510686,R003,"2",3264
512480,R003,"2",1097
531932,R003,"1",6377
535699,R003,"1",1225
572471,R003,"1",5870
603907,R003,"2",8971
658945,R003,"2",1268
714509,R003,"1",8787
716393,R003,"2",1848
722243,R003,"2",7901
724361,R003,"1",9397
727929,R003,"1",7628
752290,R003,"2",1972
752773,R003,"2",2924
762892,R003,"2",3699
831876,R003,"1",9590
841790,R003,"2",3019
861542,R003,"2",5442
877083,R003,"1",7486
877557,R003,"2",4342
925024,R003,"1",3742
933898,R003,"1",3599
946632,R003,"2",3565
979657,R003,"2",6003
998798,R003,"2",3211
1019964,R003,"1",9687
1039051,R003,"1",5653
1054282,R003,"2",5333
1104306,R003,"1",3728
1124821,R003,"2",1574
1149412,R003,"2",4625
1153844,R003,"2",2895
1159352,R003,"1",8742
1178124,R003,"1",9130
1183818,R003,"2",1128
1194669,R003,"2",9636
1202718,R003,"1",1312
1205525,R003,"2",2284
1213275,R003,"2",7839
1246574,R003,"2",9745
1354544,R003,"2",2316
1374650,R003,"1",7731
1406676,R003,"1",9223
71463,R004,"1",8380
194401,R004,"2",2892
234826,R004,"1",4468
330759,R004,"1",7489
380972,R004,"2",7079
510686,R004,"1",2235
512480,R004,"2",8342
531932,R004,"1",8181
535699,R004,"1",4549
572471,R004,"1",3789
603907,R004,"2",2539
658945,R004,"2",4431
714509,R004,"1",1103
716393,R004,"2",1070
722243,R004,"2",5557
724361,R004,"2",4999
727929,R004,"2",6483
752290,R004,"2",5952
752773,R004,"1",9358
762892,R004,"2",4284
831876,R004,"2",4200
841790,R004,"2",7849
861542,R004,"2",5035
877083,R004,"1",7920
877557,R004,"2",9522
925024,R004,"2",1556
933898,R004,"1",2342
946632,R004,"2",2325
979657,R004,"2",1406
998798,R004,"1",9807
1019964,R004,"2",3097
1039051,R004,"2",6895
1054282,R004,"1",9134
1104306,R004,"2",2004
1124821,R004,"2",6875
1149412,R004,"1",5318
1153844,R004,"1",2737
1159352,R004,"2",4366
1178124,R004,"1",9241
1183818,R004,"2",1376
1194669,R004,"2",4233
1202718,R004,"2",4872
1205525,R004,"1",7797
1213275,R004,"1",4254
1246574,R004,"2",3254
1354544,R004,"1",4677
1374650,R004,"1",6351
1406676,R004,"1",5417
213679,R001,"1",9657
246657,R001,"2",6342
274754,R001,"1",8226
307277,R001,"1",1135
328331,R001,"1",3813
335557,R001,"2",8671
342975,R001,"1",1839
367201,R001,"2",1932
375765,R001,"1",9808
407431,R001,"1",8248
410277,R001,"2",6986
411660,R001,"1",8657
416453,R001,"2",8591
420029,R001,"1",7260
433069,R001,"2",3226
438328,R001,"2",8660
555162,R001,"1",4572
619225,R001,"1",3175
623047,R001,"1",2690
638421,R001,"2",2865
641794,R001,"1",8145
676000,R001,"1",1952
703805,R001,"1",7333
722241,R001,"1",1094
742625,R001,"1",3133
765009,R001,"1",2743
768266,R001,"1",5955
769534,R001,"2",3336
803570,R001,"2",5528
808326,R001,"2",6216
844271,R001,"2",3140
867480,R001,"2",1552
872868,R001,"1",8381
882857,R001,"1",9872
932392,R001,"2",5007
966812,R001,"2",5233
968642,R001,"2",2010
1027749,R001,"1",7652
1071035,R001,"1",8590
1103271,R001,"1",3155
1143555,R001,"2",9195
1143577,R001,"1",9878
1198480,R001,"2",8533
1203527,R001,"1",5757
1206010,R001,"1",4477
1208742,R001,"2",9907
1234579,R001,"2",3828
1240632,R001,"2",7030
1256119,R001,"2",9484
1264854,R001,"2",5616
1265564,R001,"1",8217
1270532,R001,"2",5290
1281613,R001,"1",4069
1329604,R001,"1",2109
1335323,R001,"1",1763
1354327,R001,"2",6750
1359493,R001,"2",5956
1371992,R001,"1",7820
1399102,R001,"2",4512
213679,R002,"2",1663
246657,R002,"2",6070
274754,R002,"1",4660
307277,R002,"1",5432
328331,R002,"2",4253
335557,R002,"2",2772
342975,R002,"1",4207
367201,R002,"2",7586
375765,R002,"1",5205
407431,R002,"2",8939
410277,R002,"1",6816
411660,R002,"2",8630
416453,R002,"2",1134
420029,R002,"1",6396
433069,R002,"2",3601
438328,R002,"2",2668
555162,R002,"1",9180
619225,R002,"2",3683
623047,R002,"1",2215
638421,R002,"2",4630
641794,R002,"2",9234
676000,R002,"1",5834
703805,R002,"2",1962
722241,R002,"2",2360
742625,R002,"2",1441
765009,R002,"2",4136
768266,R002,"2",8787
769534,R002,"1",6960
803570,R002,"2",6172
808326,R002,"2",5054
844271,R002,"1",4558
867480,R002,"1",1152
872868,R002,"1",5378
882857,R002,"1",3140
932392,R002,"1",5230
966812,R002,"2",9720
968642,R002,"1",9917
1027749,R002,"1",8362
1071035,R002,"2",8217
1103271,R002,"1",3941
1143555,R002,"2",3957
1143577,R002,"2",7332
1198480,R002,"2",7217
1203527,R002,"1",6017
1206010,R002,"1",9891
1208742,R002,"2",7402
1234579,R002,"2",3910
1240632,R002,"2",3093
1256119,R002,"1",4629
1264854,R002,"2",9739
1265564,R002,"1",1614
1270532,R002,"1",3517
1281613,R002,"2",4957
1329604,R002,"1",6169
1335323,R002,"2",6583
1354327,R002,"2",5713
1359493,R002,"1",2376
1371992,R002,"2",6850
1399102,R002,"1",4493
213679,R003,"1",2354
246657,R003,"2",9296
274754,R003,"1",1130
307277,R003,"1",1243
328331,R003,"2",8968
335557,R003,"2",2972
342975,R003,"1",7949
367201,R003,"1",8705
375765,R003,"2",1607
407431,R003,"2",5363
410277,R003,"2",6823
411660,R003,"1",5457
416453,R003,"1",7575
420029,R003,"1",2240
433069,R003,"2",5886
438328,R003,"1",9781
555162,R003,"2",7163
619225,R003,"1",1099
623047,R003,"1",3127
638421,R003,"1",1903
641794,R003,"1",7130
676000,R003,"2",4663
703805,R003,"2",4674
722241,R003,"1",4871
742625,R003,"2",7346
765009,R003,"2",9969
768266,R003,"2",7829
769534,R003,"2",1376
803570,R003,"1",6917
808326,R003,"2",5907
844271,R003,"1",8518
867480,R003,"2",9053
872868,R003,"1",2347
882857,R003,"2",5331
932392,R003,"2",3195
966812,R003,"1",6308
968642,R003,"2",2105
1027749,R003,"2",1579
1071035,R003,"1",6505
1103271,R003,"2",5744
1143555,R003,"2",4210
1143577,R003,"2",3983
1198480,R003,"2",6006
1203527,R003,"2",8449
1206010,R003,"2",1597
1208742,R003,"2",9307
1234579,R003,"1",9681
1240632,R003,"1",8031
1256119,R003,"1",2363
1264854,R003,"1",9451
1265564,R003,"1",9868
1270532,R003,"2",3557
1281613,R003,"1",2816
1329604,R003,"1",7214
1335323,R003,"2",8011
1354327,R003,"2",3480
1359493,R003,"2",1474
1371992,R003,"2",6092
1399102,R003,"2",5057
213679,R004,"2",1788
246657,R004,"1",4130
274754,R004,"2",4340
307277,R004,"1",7652
328331,R004,"2",5483
335557,R004,"1",8950
342975,R004,"2",8466
367201,R004,"2",3235
375765,R004,"1",4774
407431,R004,"1",4358
410277,R004,"1",6664
411660,R004,"1",9604
416453,R004,"1",2244
420029,R004,"2",3134
433069,R004,"2",4944
438328,R004,"1",5370
555162,R004,"1",8576
619225,R004,"1",8796
623047,R004,"2",8434
638421,R004,"1",2495
641794,R004,"1",3872
676000,R004,"2",9414
703805,R004,"1",8755
722241,R004,"1",2028
742625,R004,"2",2666
765009,R004,"1",1720
768266,R004,"1",4059
769534,R004,"1",8855
803570,R004,"1",2670
808326,R004,"1",3583
844271,R004,"1",7542
867480,R004,"1",6500
872868,R004,"1",5474
882857,R004,"2",4584
932392,R004,"2",2124
966812,R004,"1",2712
968642,R004,"1",2149
1027749,R004,"1",8613
1071035,R004,"2",1328
1103271,R004,"2",3234
1143555,R004,"2",9115
1143577,R004,"1",3419
1198480,R004,"2",2493
1203527,R004,"2",5111
1206010,R004,"1",2293
1208742,R004,"1",6429
1234579,R004,"2",8797
1240632,R004,"2",6247
286890,R001,"2",6268
354172,R001,"2",7597
377970,R001,"1",1965
391973,R001,"2",8065
439153,R001,"2",4491
451535,R001,"2",9174
468152,R001,"1",6513
546194,R001,"2",7931
551827,R001,"1",4606
553643,R001,"1",6983
600969,R001,"2",6993
610703,R001,"1",3237
751429,R001,"1",8477
778212,R001,"1",9862
802147,R001,"2",8246
804250,R001,"2",1322
856590,R001,"1",9321
857139,R001,"1",1357
880733,R001,"1",4301
892839,R001,"1",1419
907954,R001,"1",9422
908743,R001,"2",8747
954949,R001,"2",7097
1035147,R001,"2",3957
1036852,R001,"1",2702
1080087,R001,"1",9492
1082832,R001,"1",4681
1096383,R001,"1",2955
1121880,R001,"2",2456
1136056,R001,"1",6724
1140422,R001,"2",7843
1147234,R001,"2",3069
1177162,R001,"1",8636
1189925,R001,"1",3917
1265577,R001,"2",5979
1270332,R001,"1",6920
1283080,R001,"2",9102
1316575,R001,"2",2112
1346098,R001,"1",5959
1388193,R001,"1",4672
1388566,R001,"2",8357
1391672,R001,"2",9092
1407766,R001,"2",3539
1413280,R001,"1",9765
286890,R002,"2",6291
354172,R002,"2",4380
377970,R002,"2",5913
391973,R002,"1",9674
439153,R002,"1",3514
451535,R002,"1",4840
468152,R002,"2",6554
546194,R002,"1",9614
551827,R002,"2",6334
553643,R002,"1",9124
600969,R002,"2",9540
610703,R002,"2",4537
751429,R002,"1",5241
778212,R002,"1",8423
802147,R002,"1",5386
804250,R002,"2",2743
856590,R002,"2",2592
857139,R002,"1",3852
880733,R002,"1",6377
892839,R002,"1",9016
907954,R002,"2",7789
908743,R002,"1",3525
954949,R002,"2",6025
1035147,R002,"1",7488
1036852,R002,"2",2917
1080087,R002,"2",3469
1082832,R002,"1",1437
1096383,R002,"2",9281
1121880,R002,"2",1663
1136056,R002,"1",2921
1140422,R002,"2",8204
1147234,R002,"2",2070
1177162,R002,"2",2660
1189925,R002,"1",7017
1265577,R002,"2",5195
1270332,R002,"2",1136
1283080,R002,"1",9002
1316575,R002,"1",7512
1346098,R002,"2",5314
1388193,R002,"2",6342
1388566,R002,"1",3335
1391672,R002,"1",1120
1407766,R002,"2",4245
1413280,R002,"2",4942
286890,R003,"1",2958
354172,R003,"2",5112
377970,R003,"2",5939
391973,R003,"2",1615
439153,R003,"1",2950
451535,R003,"1",6148
468152,R003,"2",3350
546194,R003,"1",5593
551827,R003,"2",9880
553643,R003,"2",8241
600969,R003,"1",2217
610703,R003,"1",5149
751429,R003,"1",5288
778212,R003,"2",4721
802147,R003,"1",8167
804250,R003,"2",7025
856590,R003,"2",9707
857139,R003,"2",8070
880733,R003,"1",8439
892839,R003,"2",2344
907954,R003,"2",7060
908743,R003,"2",4906
954949,R003,"1",4353
1035147,R003,"1",7056
1036852,R003,"1",3219
1080087,R003,"1",2588
1082832,R003,"1",7615
1096383,R003,"1",1601
1121880,R003,"1",5012
1136056,R003,"2",3916
1140422,R003,"1",4318
1147234,R003,"2",2014
1177162,R003,"1",1196
1189925,R003,"1",7630
1265577,R003,"1",5591
1270332,R003,"2",1176
1283080,R003,"1",3382
1316575,R003,"1",4479
1346098,R003,"1",2100
1388193,R003,"1",1417
1388566,R003,"2",4932
1391672,R003,"2",3546
1407766,R003,"2",5068
1413280,R003,"2",9670
286890,R004,"2",8476
354172,R004,"2",8387
377970,R004,"1",8488
391973,R004,"1",2187
439153,R004,"1",1869
451535,R004,"1",1375
468152,R004,"2",5285
546194,R004,"1",2497
551827,R004,"1",7028
553643,R004,"2",4798
600969,R004,"2",3880
610703,R004,"1",7381
751429,R004,"2",3465
778212,R004,"1",7825
802147,R004,"2",2771
804250,R004,"2",5430
856590,R004,"2",4155
857139,R004,"2",3310
880733,R004,"2",5948
892839,R004,"2",9965
907954,R004,"2",8167
908743,R004,"1",8583
954949,R004,"1",2859
1035147,R004,"2",1495
1036852,R004,"2",5320
1080087,R004,"2",8874
1082832,R004,"1",8102
1096383,R004,"2",3196
1121880,R004,"1",6735
1136056,R004,"2",9686
1140422,R004,"2",6483
1147234,R004,"1",5023
1177162,R004,"1",6492
1189925,R004,"1",2197
1265577,R004,"1",1148
1270332,R004,"2",6556
1283080,R004,"2",2118
1316575,R004,"1",7670
1346098,R004,"2",9655
1388193,R004,"2",4293
1388566,R004,"2",9917
1391672,R004,"1",3399
1407766,R004,"2",9822
1413280,R004,"1",1935
221733,R001,"2",2030
236556,R001,"1",7661
258403,R001,"2",3566
267118,R001,"1",6227
378481,R001,"1",8757
428381,R001,"2",1535
487320,R001,"1",7162
496113,R001,"2",4953
528240,R001,"1",5886
545404,R001,"2",4914
560917,R001,"2",1375
618625,R001,"2",3836
625283,R001,"2",6558
652321,R001,"1",8123
699371,R001,"1",1806
726133,R001,"1",1421
747506,R001,"1",3623
788339,R001,"1",1088
803435,R001,"2",5851
814572,R001,"2",5658
887667,R001,"2",5380
894390,R001,"1",4983
980983,R001,"2",2283
1080513,R001,"1",4900
1116325,R001,"2",9397
1128608,R001,"2",9552
1165373,R001,"1",2763
1188174,R001,"1",4625
1216660,R001,"1",8427
1231674,R001,"1",2866
1300360,R001,"1",1009
1338539,R001,"1",4110
1343302,R001,"1",8121
1351967,R001,"2",6579
1363305,R001,"1",6727
1422387,R001,"2",4597
1424394,R001,"2",6027
221733,R002,"1",1523
236556,R002,"2",5317
258403,R002,"2",1464
267118,R002,"1",6438
378481,R002,"1",9624
428381,R002,"1",4107
487320,R002,"1",1837
496113,R002,"2",6702
528240,R002,"1",7700
545404,R002,"1",8243
560917,R002,"1",3316
618625,R002,"1",5442
625283,R002,"1",7016
652321,R002,"2",7651
699371,R002,"2",1948
726133,R002,"1",8522
747506,R002,"1",1699
788339,R002,"1",8677
803435,R002,"2",2510
814572,R002,"2",7333
887667,R002,"1",1814
894390,R002,"1",6025
980983,R002,"2",6122
1080513,R002,"1",6525
1116325,R002,"2",2206
1128608,R002,"2",3622
1165373,R002,"2",2921
1188174,R002,"1",6355
1216660,R002,"1",6661
1231674,R002,"1",8885
1300360,R002,"1",9654
1338539,R002,"1",9151
1343302,R002,"2",3839
1351967,R002,"2",6161
1363305,R002,"2",4655
1422387,R002,"1",7507
1424394,R002,"1",9872
221733,R003,"2",3289
236556,R003,"2",5368
258403,R003,"2",8442
267118,R003,"2",3781
378481,R003,"1",6349
428381,R003,"1",1242
487320,R003,"2",6171
496113,R003,"2",9747
528240,R003,"2",3825
545404,R003,"1",5118
560917,R003,"2",9606
618625,R003,"1",6122
625283,R003,"2",2350
652321,R003,"2",7129
699371,R003,"1",5200
726133,R003,"2",4606
747506,R003,"1",3396
788339,R003,"2",5625
803435,R003,"1",8182
814572,R003,"1",8451
887667,R003,"1",2659
894390,R003,"2",4822
980983,R003,"1",7054
1080513,R003,"2",9560
1116325,R003,"2",2912
1128608,R003,"1",4741
1165373,R003,"1",2246
1188174,R003,"1",2365
1216660,R003,"1",3403
1231674,R003,"1",4782
1300360,R003,"1",8113
1338539,R003,"1",4529
1343302,R003,"2",7276
1351967,R003,"2",3542
1363305,R003,"2",7800
1422387,R003,"2",8901
1424394,R003,"1",8085
221733,R004,"1",8249
236556,R004,"1",3569
258403,R004,"1",7125
267118,R004,"1",8070
378481,R004,"2",6354
428381,R004,"2",7361
487320,R004,"1",7273
496113,R004,"2",1033
528240,R004,"1",2301
545404,R004,"2",6115
560917,R004,"1",2493
618625,R004,"2",8363
625283,R004,"2",9055
652321,R004,"1",5581
699371,R004,"1",7166
726133,R004,"1",8327
747506,R004,"2",2299
788339,R004,"1",7136
803435,R004,"2",8207
814572,R004,"2",7076
887667,R004,"2",1914
894390,R004,"1",9759
980983,R004,"2",9971
1080513,R004,"1",9513
1116325,R004,"2",2531
1128608,R004,"1",1275
1165373,R004,"2",4907
1188174,R004,"1",5374
1216660,R004,"2",2267
1231674,R004,"2",8405
1300360,R004,"2",3009
1338539,R004,"1",2490
1343302,R004,"2",1620
1351967,R004,"1",6427
1363305,R004,"1",7509
1422387,R004,"1",4146
1424394,R004,"1",8640
176703,R001,"2",6152
221635,R001,"1",2541
280304,R001,"2",9605
318802,R001,"1",2534
347270,R001,"2",9296
396317,R001,"2",2987
611219,R001,"2",6445
620590,R001,"2",9361
633237,R001,"2",2196
678275,R001,"1",4996
706051,R001,"2",6337
727271,R001,"1",4433
730883,R001,"2",6453
740351,R001,"2",7164
741566,R001,"1",2860
746345,R001,"1",7105
748881,R001,"2",3198
753750,R001,"2",2560
808228,R001,"2",1718
839172,R001,"2",1179
848687,R001,"2",9483
860916,R001,"2",1232
896541,R001,"1",4754
902188,R001,"2",2205
910805,R001,"2",9324
912406,R001,"1",4411
913212,R001,"2",5916
1036255,R001,"1",7857
1050238,R001,"2",9229
1052534,R001,"2",9801
1056682,R001,"1",7577
1103173,R001,"1",3093
1128088,R001,"1",4772
1141331,R001,"1",8352
1154855,R001,"1",1767
1182002,R001,"1",8766
1183564,R001,"1",9586
1214265,R001,"1",8052
1215772,R001,"1",1139
1278864,R001,"2",8366
1309577,R001,"1",3078
1348409,R001,"2",5280
1354798,R001,"1",8308
1366584,R001,"2",7767
1385973,R001,"1",1807
1399019,R001,"2",5301
1425166,R001,"1",4167
1428824,R001,"2",3678
176703,R002,"1",8346
221635,R002,"2",2290
280304,R002,"2",7164
318802,R002,"1",3166
347270,R002,"2",5820
396317,R002,"2",8245
611219,R002,"1",7249
620590,R002,"1",6915
633237,R002,"1",7355
678275,R002,"1",4792
706051,R002,"1",6855
727271,R002,"1",2463
730883,R002,"1",6802
740351,R002,"2",2836
741566,R002,"1",5984
746345,R002,"2",1854
748881,R002,"2",2487
753750,R002,"2",6273
808228,R002,"1",9381
839172,R002,"2",4216
848687,R002,"2",9586
860916,R002,"2",6772
896541,R002,"2",8816
902188,R002,"1",8734
910805,R002,"2",7627
912406,R002,"1",3742
913212,R002,"2",2559
1036255,R002,"2",5777
1050238,R002,"1",5410
1052534,R002,"1",4048
1056682,R002,"2",1101
1103173,R002,"2",7113
1128088,R002,"1",6364
1141331,R002,"2",5130
1154855,R002,"2",6351
1182002,R002,"1",5656
1183564,R002,"2",1433
1214265,R002,"1",2724
1215772,R002,"1",7892
1278864,R002,"1",2385
1309577,R002,"2",3317
1348409,R002,"2",6526
1354798,R002,"2",7486
1366584,R002,"2",9356
1385973,R002,"2",1545
1399019,R002,"2",8677
1425166,R002,"2",1631
1428824,R002,"1",6672
176703,R003,"1",6907
221635,R003,"1",9903
280304,R003,"2",1680
318802,R003,"2",3800
347270,R003,"1",4951
396317,R003,"2",8059
611219,R003,"2",9441
620590,R003,"2",6989
633237,R003,"2",9278
678275,R003,"1",9512
706051,R003,"2",3747
727271,R003,"1",6591
730883,R003,"2",7080
740351,R003,"2",2249
741566,R003,"1",8704
746345,R003,"2",2960
748881,R003,"2",8802
753750,R003,"1",5211
808228,R003,"1",5667
839172,R003,"2",5995
848687,R003,"2",1498
860916,R003,"2",3338
896541,R003,"2",6434
902188,R003,"2",8551
910805,R003,"1",7700
912406,R003,"2",2539
913212,R003,"2",4566
1036255,R003,"1",9604
1050238,R003,"2",8738
1052534,R003,"1",8362
1056682,R003,"2",2748
1103173,R003,"2",2939
1128088,R003,"2",9211
1141331,R003,"1",5293
1154855,R003,"1",5271
1182002,R003,"1",1279
1183564,R003,"1",7887
1214265,R003,"2",6635
1215772,R003,"2",3872
1278864,R003,"1",8708
1309577,R003,"2",5127
1348409,R003,"1",1606
1354798,R003,"2",8548
1366584,R003,"1",4211
1385973,R003,"2",3750
1399019,R003,"1",5944
1425166,R003,"1",5636
1428824,R003,"2",9288
176703,R004,"1",1127
221635,R004,"2",7699
280304,R004,"2",2393
318802,R004,"1",4868
347270,R004,"2",3350
396317,R004,"2",4681
611219,R004,"2",7779
620590,R004,"2",9536
633237,R004,"1",1853
678275,R004,"1",9332
706051,R004,"1",7092
727271,R004,"2",3778
730883,R004,"2",9808
740351,R004,"2",5185
741566,R004,"2",6806
746345,R004,"2",1107
748881,R004,"2",9528
753750,R004,"1",2183
808228,R004,"1",9784
839172,R004,"1",6842
848687,R004,"1",2105
860916,R004,"1",7791
896541,R004,"1",3672
902188,R004,"2",5366
910805,R004,"2",3891
912406,R004,"2",1635
913212,R004,"2",1201
1036255,R004,"1",8084
1050238,R004,"2",7771
1052534,R004,"1",9951
1056682,R004,"2",6871
1103173,R004,"1",5545
1128088,R004,"2",4063
1141331,R004,"1",9102
1154855,R004,"1",5304
1182002,R004,"1",2874
1183564,R004,"1",9381
1214265,R004,"1",6161
1215772,R004,"2",7791
1278864,R004,"2",9060
1309577,R004,"1",3602
1348409,R004,"1",1719
1354798,R004,"1",3208
1366584,R004,"1",6813
1385973,R004,"1",9394
1399019,R004,"2",6132
1425166,R004,"2",6544
1428824,R004,"2",8109
151225,R001,"2",2475
153080,R001,"1",8490
161658,R001,"2",4672
169319,R001,"2",8266
322658,R001,"2",7995
368141,R001,"2",3758
386124,R001,"2",4835
398800,R001,"2",4437
429580,R001,"1",9319
453994,R001,"1",5739
467067,R001,"2",2486
470203,R001,"2",4319
473905,R001,"1",3497
492210,R001,"2",7998
525263,R001,"2",7655
533401,R001,"2",4603
537337,R001,"2",2197
602616,R001,"1",6368
622535,R001,"1",8715
625643,R001,"2",9453
651237,R001,"1",1943
653318,R001,"2",4231
654535,R001,"1",9064
722435,R001,"2",5645
764928,R001,"2",7749
779147,R001,"1",9164
825539,R001,"2",8079
858235,R001,"2",3838
870533,R001,"2",5794
883963,R001,"2",5624
886744,R001,"1",5677
915595,R001,"1",5192
933169,R001,"1",6302
956076,R001,"1",9482
986423,R001,"2",8334
1106497,R001,"1",2247
1119579,R001,"1",2307
1123552,R001,"1",4307
1132805,R001,"2",4750
1159090,R001,"1",3081
1176833,R001,"2",5670
1200262,R001,"2",7859
1203639,R001,"1",2727
1218448,R001,"2",4463
1234373,R001,"2",4009
1262396,R001,"2",7917
1287262,R001,"2",2514
1318720,R001,"1",7801
1371636,R001,"1",2853
1386304,R001,"1",2962
1389345,R001,"1",7015
1411147,R001,"1",2105
1413352,R001,"2",7944
151225,R002,"1",4215
153080,R002,"1",7502
161658,R002,"2",3853
169319,R002,"1",6590
322658,R002,"1",1360
368141,R002,"1",9846
386124,R002,"1",9085
398800,R002,"2",1937
429580,R002,"2",6446
453994,R002,"2",7115
467067,R002,"2",9473
470203,R002,"1",8448
473905,R002,"2",2645
492210,R002,"2",5757
525263,R002,"1",9461
533401,R002,"2",3362
537337,R002,"1",3706
602616,R002,"1",8600
622535,R002,"2",5772
625643,R002,"1",3799
651237,R002,"2",4825
653318,R002,"1",4135
654535,R002,"2",2757
722435,R002,"2",3344
764928,R002,"2",2629
779147,R002,"2",4583
825539,R002,"2",4334
858235,R002,"1",4993
870533,R002,"2",8422
883963,R002,"2",8363
886744,R002,"1",3069
915595,R002,"1",2212
933169,R002,"1",9501
956076,R002,"2",4527
986423,R002,"2",7299
1106497,R002,"1",4916
1119579,R002,"2",9783
1123552,R002,"1",4426
1132805,R002,"2",4180
1159090,R002,"1",4500
1176833,R002,"1",5968
1200262,R002,"2",8867
1203639,R002,"2",2557
1218448,R002,"2",6382
1234373,R002,"1",3860
1262396,R002,"1",4299
1287262,R002,"1",2835
1318720,R002,"1",8215
1371636,R002,"2",9351
1386304,R002,"1",2080
1389345,R002,"1",7519
1411147,R002,"1",2603
1413352,R002,"1",2699
151225,R003,"1",7646
153080,R003,"1",8215
161658,R003,"1",7674
169319,R003,"2",4413
322658,R003,"1",5365
368141,R003,"2",2212
386124,R003,"2",8264
398800,R003,"2",6849
429580,R003,"2",1156
453994,R003,"2",3898
467067,R003,"1",2916
470203,R003,"2",5493
473905,R003,"1",2134
492210,R003,"1",8531
525263,R003,"2",6976
533401,R003,"2",5686
537337,R003,"2",3408
602616,R003,"1",8587
622535,R003,"2",3665
625643,R003,"2",3444
651237,R003,"1",2238
653318,R003,"2",3753
654535,R003,"2",6476
722435,R003,"2",8518
764928,R003,"1",7725
779147,R003,"1",7823
825539,R003,"1",8765
858235,R003,"2",8938
870533,R003,"2",2659
883963,R003,"1",6659
886744,R003,"1",4464
915595,R003,"1",4634
933169,R003,"1",2593
956076,R003,"1",4422
986423,R003,"2",5076
1106497,R003,"1",9849
1119579,R003,"1",2645
1123552,R003,"1",4763
1132805,R003,"1",8552
1159090,R003,"2",8644
1176833,R003,"1",4720
1200262,R003,"2",7124
1203639,R003,"1",3932
1218448,R003,"2",7788
1234373,R003,"2",2830
1262396,R003,"1",9547
1287262,R003,"2",8782
1318720,R003,"1",8348
1371636,R003,"1",5114
1386304,R003,"1",7754
1389345,R003,"2",6256
1411147,R003,"2",1373
1413352,R003,"2",2778
151225,R004,"1",7667
153080,R004,"2",4841
161658,R004,"1",2316
169319,R004,"2",9198
322658,R004,"1",4237
368141,R004,"1",3764
386124,R004,"1",1246
398800,R004,"2",3948
429580,R004,"1",9399
453994,R004,"1",5522
467067,R004,"2",9679
470203,R004,"1",4609
473905,R004,"1",9124
492210,R004,"2",9543
525263,R004,"2",3762
533401,R004,"2",5127
537337,R004,"2",3841
602616,R004,"1",6349
622535,R004,"1",7259
625643,R004,"2",3609
651237,R004,"1",4428
653318,R004,"2",7459
654535,R004,"2",4792
722435,R004,"2",2385
764928,R004,"2",3926
779147,R004,"1",7515
825539,R004,"2",2272
858235,R004,"1",7985
870533,R004,"2",6497
883963,R004,"2",7570
886744,R004,"2",9977
915595,R004,"2",1354
933169,R004,"1",8749
956076,R004,"2",5395
986423,R004,"1",9896
1106497,R004,"2",8421
1119579,R004,"1",9392
1123552,R004,"1",8405
1132805,R004,"1",3357
1159090,R004,"2",7345
1176833,R004,"2",6694
1200262,R004,"1",5126
1203639,R004,"1",7219
1218448,R004,"1",8537
1234373,R004,"2",3985
1262396,R004,"1",2003
1287262,R004,"1",7853
1318720,R004,"1",2043
1371636,R004,"1",5078
1386304,R004,"2",8634
1389345,R004,"2",8278
1411147,R004,"1",6093
1413352,R004,"2",9760
56071,R001,"2",5657
155859,R001,"2",6443
236848,R001,"1",9326
284903,R001,"2",9823
289726,R001,"1",7182
296618,R001,"1",3917
316817,R001,"2",5828
329289,R001,"1",3416
338975,R001,"2",1190
368663,R001,"2",5727
392837,R001,"2",3710
403069,R001,"1",5347
463915,R001,"1",1823
513487,R001,"1",6529
536609,R001,"2",1493
561691,R001,"2",7796
619254,R001,"1",9953
619682,R001,"1",7904
637634,R001,"1",2171
669388,R001,"1",7649
670760,R001,"2",4379
671704,R001,"1",1746
675471,R001,"2",5494
696106,R001,"2",7083
737505,R001,"1",5534
744023,R001,"2",9476
794402,R001,"1",1626
794620,R001,"2",9698
816516,R001,"2",2337
841614,R001,"2",7901
847293,R001,"2",8116
870803,R001,"2",6630
882425,R001,"1",9043
884961,R001,"1",4452
889539,R001,"1",3912
892288,R001,"1",8969
899974,R001,"2",8454
962420,R001,"2",7831
973246,R001,"2",4675
1024872,R001,"1",3404
1039810,R001,"1",6525
1044566,R001,"1",6139
1051191,R001,"2",5052
1057184,R001,"2",4179
1090270,R001,"2",7840
1107526,R001,"2",5900
1115090,R001,"1",1423
1119539,R001,"2",6220
1130294,R001,"2",3290
1148843,R001,"1",1545
1149477,R001,"2",6537
1170893,R001,"2",8333
1205250,R001,"1",3852
1225994,R001,"1",5248
1230155,R001,"1",9955
1231843,R001,"2",9086
1234176,R001,"1",1587
1243145,R001,"1",7738
1275886,R001,"1",5931
1307280,R001,"2",3537
1330048,R001,"2",1301
1366537,R001,"1",8528
1410220,R001,"1",4732
1411587,R001,"1",1078
1422669,R001,"1",1143
56071,R002,"2",9737
155859,R002,"2",5106
236848,R002,"1",1871
284903,R002,"1",3125
289726,R002,"2",6866
296618,R002,"1",2010
316817,R002,"2",1305
329289,R002,"1",4514
338975,R002,"1",1744
368663,R002,"2",5263
392837,R002,"1",5256
403069,R002,"2",9586
463915,R002,"1",1163
513487,R002,"1",1026
536609,R002,"1",7022
561691,R002,"1",4233
619254,R002,"1",2432
619682,R002,"2",9302
637634,R002,"1",6383
669388,R002,"1",9508
670760,R002,"1",3998
671704,R002,"2",5367
675471,R002,"2",1113
696106,R002,"2",1687
737505,R002,"1",8013
744023,R002,"2",1722
794402,R002,"2",5088
794620,R002,"1",2383
816516,R002,"2",1011
841614,R002,"1",2748
847293,R002,"1",7912
870803,R002,"1",2162
882425,R002,"1",3192
884961,R002,"1",2518
889539,R002,"2",3739
892288,R002,"1",3756
899974,R002,"2",7787
962420,R002,"1",2583
973246,R002,"2",4321
1024872,R002,"1",8270
1039810,R002,"1",4351
1044566,R002,"1",9586
1051191,R002,"2",2675
1057184,R002,"1",2904
1090270,R002,"2",7731
1107526,R002,"2",5608
1115090,R002,"1",1835
1119539,R002,"2",3266
1130294,R002,"1",3265
1148843,R002,"2",2000
1149477,R002,"1",8802
1170893,R002,"1",8431
1205250,R002,"2",1838
1225994,R002,"2",4798
1230155,R002,"1",1370
1231843,R002,"1",1813
1234176,R002,"1",1519
1243145,R002,"2",9779
1275886,R002,"2",2123
1307280,R002,"1",9855
1330048,R002,"2",9837
1366537,R002,"2",7755
1410220,R002,"1",4880
1411587,R002,"1",6459
1422669,R002,"1",9747
56071,R003,"1",5636
155859,R003,"1",6869
236848,R003,"2",9421
284903,R003,"2",5684
289726,R003,"2",2572
296618,R003,"2",6919
316817,R003,"1",6020
329289,R003,"2",3903
338975,R003,"2",1836
368663,R003,"2",8344
392837,R003,"2",7900
403069,R003,"1",8193
463915,R003,"2",5020
513487,R003,"1",7522
536609,R003,"1",6126
561691,R003,"2",7837
619254,R003,"2",4153
619682,R003,"1",4945
637634,R003,"2",3858
669388,R003,"2",8916
670760,R003,"2",2561
671704,R003,"2",2250
675471,R003,"1",2739
696106,R003,"1",8927
737505,R003,"1",6515
744023,R003,"1",8485
794402,R003,"1",9113
794620,R003,"1",2899
816516,R003,"2",5392
841614,R003,"1",9094
847293,R003,"1",9989
870803,R003,"1",6508
882425,R003,"1",2567
884961,R003,"1",1587
889539,R003,"1",7130
892288,R003,"2",6644
899974,R003,"1",7073
962420,R003,"1",2290
973246,R003,"1",6006
1024872,R003,"2",2926
1039810,R003,"2",4702
1044566,R003,"2",6970
1051191,R003,"1",1874
1057184,R003,"2",9082
1090270,R003,"1",3192
1107526,R003,"2",4990
1115090,R003,"2",5402
1119539,R003,"1",9715
1130294,R003,"1",7531
1148843,R003,"2",1702
1149477,R003,"2",7132
1170893,R003,"2",2393
1205250,R003,"2",9612
1225994,R003,"1",1785
1230155,R003,"1",5270
1231843,R003,"2",4361
1234176,R003,"1",1612
1243145,R003,"1",1834
1275886,R003,"1",1265
1307280,R003,"1",4137
1330048,R003,"2",1940
1366537,R003,"2",3135
1410220,R003,"1",6377
1411587,R003,"2",7548
1422669,R003,"1",6916
56071,R004,"2",2803
155859,R004,"1",4554
236848,R004,"2",6542
284903,R004,"1",2288
289726,R004,"1",6130
296618,R004,"1",3054
316817,R004,"2",6716
329289,R004,"2",7617
338975,R004,"1",5465
368663,R004,"2",9725
392837,R004,"1",5570
403069,R004,"2",4349
463915,R004,"1",2432
513487,R004,"2",3857
536609,R004,"2",4348
561691,R004,"2",9677
619254,R004,"2",5555
619682,R004,"2",1189
637634,R004,"2",7747
669388,R004,"1",9275
670760,R004,"2",8220
671704,R004,"2",8791
675471,R004,"2",3722
696106,R004,"2",3887
737505,R004,"2",8066
744023,R004,"1",6328
794402,R004,"2",1287
794620,R004,"2",7547
816516,R004,"2",1560
841614,R004,"2",9069
177245,R001,"2",2242
247862,R001,"1",9595
282676,R001,"2",9404
362095,R001,"1",4819
369458,R001,"2",7832
424201,R001,"2",6388
433278,R001,"2",4823
441702,R001,"2",2233
533079,R001,"1",6328
546070,R001,"2",9915
601059,R001,"1",1925
644537,R001,"1",7145
669715,R001,"2",8929
713928,R001,"1",3410
716515,R001,"2",5401
718006,R001,"2",2570
727126,R001,"2",3383
823731,R001,"2",9563
826857,R001,"1",4969
850022,R001,"1",6440
856830,R001,"2",1821
916325,R001,"2",7449
916512,R001,"2",6866
922197,R001,"2",8935
923275,R001,"1",6873
924961,R001,"1",8614
937908,R001,"2",6884
941338,R001,"1",8010
999504,R001,"2",5015
1018176,R001,"1",7715
1025928,R001,"2",1392
1036610,R001,"2",7109
1051085,R001,"2",3370
1071317,R001,"2",6749
1076070,R001,"2",6143
1093254,R001,"1",6814
1100521,R001,"2",7907
1160354,R001,"1",6200
1163077,R001,"2",4041
1163102,R001,"2",4515
1211957,R001,"2",4931
1221773,R001,"1",8978
1243875,R001,"1",1700
1263064,R001,"1",3064
1270652,R001,"2",2425
1272309,R001,"2",2952
1286833,R001,"2",1119
1304728,R001,"1",3088
1326245,R001,"1",3222
1327087,R001,"1",9125
1373481,R001,"2",7368
177245,R002,"2",2162
247862,R002,"1",1050
282676,R002,"1",6047
362095,R002,"2",4871
369458,R002,"1",6561
424201,R002,"1",7768
433278,R002,"1",8725
441702,R002,"1",9894
533079,R002,"1",9909
546070,R002,"1",4227
601059,R002,"1",4375
644537,R002,"1",7403
669715,R002,"1",9521
713928,R002,"1",5927
716515,R002,"2",5602
718006,R002,"2",4507
727126,R002,"2",8852
823731,R002,"1",7213
826857,R002,"2",9799
850022,R002,"2",4477
856830,R002,"1",9643
916325,R002,"2",5553
916512,R002,"2",3828
922197,R002,"1",1971
923275,R002,"1",6025
924961,R002,"2",7631
937908,R002,"2",1367
941338,R002,"2",2066
999504,R002,"2",3763
1018176,R002,"2",5280
1025928,R002,"2",7402
1036610,R002,"1",3750
1051085,R002,"2",8922
1071317,R002,"1",2296
1076070,R002,"1",9171
1093254,R002,"2",4120
1100521,R002,"2",7687
1160354,R002,"2",1393
1163077,R002,"1",1717
1163102,R002,"1",7970
1211957,R002,"2",9554
1221773,R002,"2",5228
1243875,R002,"2",3464
1263064,R002,"2",8811
1270652,R002,"2",3629
1272309,R002,"1",5683
1286833,R002,"1",7818
1304728,R002,"1",1740
1326245,R002,"1",5807
1327087,R002,"2",9867
1373481,R002,"2",9902
177245,R003,"2",7998
247862,R003,"2",3156
282676,R003,"2",4388
362095,R003,"1",8020
369458,R003,"1",3731
424201,R003,"2",6776
433278,R003,"1",8898
441702,R003,"2",5210
533079,R003,"2",7435
546070,R003,"1",2605
601059,R003,"2",9328
644537,R003,"1",5502
669715,R003,"1",8884
713928,R003,"2",3918
716515,R003,"1",2012
718006,R003,"1",4164
727126,R003,"2",5880
823731,R003,"1",8155
826857,R003,"2",2769
850022,R003,"2",6949
856830,R003,"2",1760
916325,R003,"1",1055
916512,R003,"2",4537
922197,R003,"2",8943
923275,R003,"2",7387
924961,R003,"2",4730
937908,R003,"1",1987
941338,R003,"2",9855
999504,R003,"1",8381
1018176,R003,"2",3073
1025928,R003,"2",4016
1036610,R003,"2",3928
1051085,R003,"1",6122
1071317,R003,"2",2904
1076070,R003,"1",3798
1093254,R003,"1",7222
1100521,R003,"2",5924
1160354,R003,"1",4500
1163077,R003,"1",9553
1163102,R003,"2",3582
1211957,R003,"1",4416
1221773,R003,"1",6612
1243875,R003,"2",4515
1263064,R003,"2",4783
1270652,R003,"2",4787
1272309,R003,"1",9604
1286833,R003,"2",8268
1304728,R003,"2",8411
1326245,R003,"1",2016
1327087,R003,"1",5736
1373481,R003,"2",1895
177245,R004,"1",9630
247862,R004,"1",2778
282676,R004,"1",3012
362095,R004,"2",6399
369458,R004,"1",4175
424201,R004,"2",4662
433278,R004,"1",8087
441702,R004,"1",2240
533079,R004,"1",6587
546070,R004,"2",9474
601059,R004,"2",2871
644537,R004,"2",5080
669715,R004,"2",5825
713928,R004,"2",7606
716515,R004,"1",2350
718006,R004,"2",6768
727126,R004,"1",4974
823731,R004,"2",5424
826857,R004,"1",4571
850022,R004,"1",1841
856830,R004,"2",4419
916325,R004,"1",8889
916512,R004,"2",1390
922197,R004,"1",5970
923275,R004,"2",2171
924961,R004,"2",4853
937908,R004,"1",5895
941338,R004,"1",7087
999504,R004,"1",4237
1018176,R004,"2",1950
1025928,R004,"2",8989
1036610,R004,"1",3739
1051085,R004,"1",6224
1071317,R004,"1",1221
1076070,R004,"2",5123
1093254,R004,"2",3260
1100521,R004,"2",3997
1160354,R004,"1",1527
1163077,R004,"1",8839
1163102,R004,"1",4296
1211957,R004,"2",3210
1221773,R004,"2",2667
1243875,R004,"2",6772
1263064,R004,"1",1720
1270652,R004,"1",9251
1272309,R004,"1",1805
1286833,R004,"2",5521
1304728,R004,"2",8210
1326245,R004,"1",2726
1327087,R004,"1",9499
1373481,R004,"1",6557
93201,R001,"2",9579
196411,R001,"2",9979
204107,R001,"1",2802
221978,R001,"1",9033
348084,R001,"2",2252
366962,R001,"1",3321
372295,R001,"1",7718
374998,R001,"2",5404
382371,R001,"2",1976
390122,R001,"2",6937
437351,R001,"1",9183
476572,R001,"2",2891
506730,R001,"1",3586
520356,R001,"1",3789
529365,R001,"2",4441
531001,R001,"2",6054
534463,R001,"2",8529
616525,R001,"1",5457
617303,R001,"1",3697
633668,R001,"1",1841
648842,R001,"2",3846
698043,R001,"2",4713
715451,R001,"2",1062
725846,R001,"1",2687
744701,R001,"2",1616
812976,R001,"1",3872
813266,R001,"2",2386
849945,R001,"2",5729
887946,R001,"2",9117
898325,R001,"1",8791
919777,R001,"2",9223
942101,R001,"1",3786
957512,R001,"2",7221
968289,R001,"1",7730
979317,R001,"2",3848
985769,R001,"2",2991
996253,R001,"2",3134
1012614,R001,"2",8078
1021635,R001,"2",4869
1039217,R001,"2",4392
1044450,R001,"2",5920
1044634,R001,"1",7701
1044810,R001,"2",6094
1054200,R001,"1",9192
1104343,R001,"1",3462
1119277,R001,"2",7634
1133235,R001,"2",8809
1166570,R001,"1",3888
1211740,R001,"2",9066
1226515,R001,"1",6135
1227445,R001,"1",6428
1234380,R001,"2",2466
1265596,R001,"1",3811
1268933,R001,"2",1519
1274857,R001,"2",6880
1307155,R001,"2",4039
1331219,R001,"1",7017
1352480,R001,"1",6711
1358913,R001,"1",1518
1362631,R001,"2",2176
93201,R002,"2",1371
196411,R002,"2",2982
204107,R002,"2",6989
221978,R002,"1",3525
348084,R002,"2",8342
366962,R002,"2",3680
372295,R002,"1",8673
374998,R002,"1",5456
382371,R002,"2",1436
390122,R002,"2",1955
437351,R002,"1",8311
476572,R002,"2",1351
506730,R002,"1",3821
520356,R002,"1",4452
529365,R002,"2",7337
531001,R002,"1",3885
534463,R002,"1",5071
616525,R002,"1",7634
617303,R002,"1",5641
633668,R002,"2",4748
648842,R002,"2",2156
698043,R002,"1",9615
715451,R002,"2",9293
725846,R002,"1",7338
744701,R002,"1",3939
812976,R002,"1",5725
813266,R002,"1",2675
849945,R002,"2",9947
887946,R002,"1",4918
898325,R002,"2",4965
919777,R002,"1",6684
942101,R002,"2",4308
957512,R002,"2",6146
968289,R002,"2",8960
979317,R002,"2",8223
985769,R002,"1",6621
996253,R002,"1",7571
1012614,R002,"2",2644
1021635,R002,"1",5907
1039217,R002,"2",7034
1044450,R002,"1",4927
1044634,R002,"1",4499
1044810,R002,"2",9469
1054200,R002,"2",7311
1104343,R002,"1",5185
1119277,R002,"1",7663
1133235,R002,"1",7513
1166570,R002,"1",3441
1211740,R002,"2",4413
1226515,R002,"1",2132
1227445,R002,"2",7722
1234380,R002,"2",8982
1265596,R002,"2",3354
1268933,R002,"2",3862
1274857,R002,"2",1574
1307155,R002,"1",8560
1331219,R002,"1",4370
1352480,R002,"1",4307
1358913,R002,"2",3695
1362631,R002,"1",4754
93201,R003,"2",2866
196411,R003,"1",8581
204107,R003,"2",3173
221978,R003,"2",6293
348084,R003,"2",7926
366962,R003,"2",3623
372295,R003,"1",8924
374998,R003,"2",5513
382371,R003,"1",3809
390122,R003,"1",7393
437351,R003,"1",5288
476572,R003,"2",6852
506730,R003,"1",7128
520356,R003,"1",5002
529365,R003,"2",5841
531001,R003,"1",6157
534463,R003,"1",8034
616525,R003,"1",5270
617303,R003,"1",8476
633668,R003,"1",6753
648842,R003,"2",6117
698043,R003,"2",3135
715451,R003,"1",5761
725846,R003,"2",7610
744701,R003,"1",6211
812976,R003,"1",9096
813266,R003,"1",3285
849945,R003,"2",5109
887946,R003,"2",5750
898325,R003,"2",6645
919777,R003,"1",9203
942101,R003,"1",9766
957512,R003,"1",4162
968289,R003,"1",6235
979317,R003,"1",6773
985769,R003,"1",2061
996253,R003,"1",5049
1012614,R003,"2",3419
1021635,R003,"1",5205
1039217,R003,"1",2475
1044450,R003,"1",9353
1044634,R003,"1",6632
1044810,R003,"1",7272
1054200,R003,"1",3523
1104343,R003,"2",6471
1119277,R003,"1",2806
1133235,R003,"2",6805
1166570,R003,"1",4405
1211740,R003,"1",1409
1226515,R003,"1",7232
1227445,R003,"2",2404
1234380,R003,"1",9140
1265596,R003,"2",5882
1268933,R003,"1",2115
1274857,R003,"2",5412
1307155,R003,"1",4936
1331219,R003,"1",7550
1352480,R003,"1",2581
1358913,R003,"2",3002
1362631,R003,"2",2722
93201,R004,"2",3567
196411,R004,"1",7878
204107,R004,"1",4316
221978,R004,"2",2887
348084,R004,"2",7327
366962,R004,"1",3293
372295,R004,"1",7117
374998,R004,"1",4947
382371,R004,"1",5920
390122,R004,"1",9927
437351,R004,"2",7866
476572,R004,"1",5080
506730,R004,"1",10000
520356,R004,"1",1955
529365,R004,"2",8837
531001,R004,"1",2489
534463,R004,"1",7808
616525,R004,"2",1796
617303,R004,"1",6529
633668,R004,"1",7600
648842,R004,"2",3955
698043,R004,"2",7631
715451,R004,"2",4827
725846,R004,"2",7833
744701,R004,"2",9299
812976,R004,"2",1371
813266,R004,"2",7697
849945,R004,"2",2598
887946,R004,"1",9241
898325,R004,"2",7018
919777,R004,"2",7794
942101,R004,"2",3861
957512,R004,"2",2781
968289,R004,"2",8465
979317,R004,"1",9097
985769,R004,"1",6784
996253,R004,"2",4325
1012614,R004,"1",2712
1021635,R004,"2",3114
1039217,R004,"2",9462
1044450,R004,"2",5272
1044634,R004,"1",6566
1044810,R004,"2",4607
1054200,R004,"1",5721
1104343,R004,"1",2220
90716,R001,"2",3238
273081,R001,"2",2687
334428,R001,"1",3075
347758,R001,"1",3888
384775,R001,"2",1444
389227,R001,"1",6937
429197,R001,"2",3468
436530,R001,"1",5916
456409,R001,"2",8324
469620,R001,"2",2249
562048,R001,"1",2363
568577,R001,"1",5034
650123,R001,"2",8817
704844,R001,"2",8532
714629,R001,"1",5833
718108,R001,"1",6736
773262,R001,"2",8054
778396,R001,"2",1549
840260,R001,"2",2056
842648,R001,"1",4644
855344,R001,"1",7044
855510,R001,"1",4496
861138,R001,"2",4715
900267,R001,"1",7766
917665,R001,"2",5061
928913,R001,"1",3465
938978,R001,"2",7862
981242,R001,"2",1752
1023712,R001,"1",4257
1034555,R001,"2",3682
1044416,R001,"2",2436
1070394,R001,"2",3293
1078953,R001,"1",7596
1107630,R001,"1",4811
1153855,R001,"2",4853
1181512,R001,"1",8241
1195087,R001,"1",1081
1207603,R001,"1",9816
1215662,R001,"1",2811
1240006,R001,"2",9058
1297184,R001,"1",9112
1303234,R001,"1",1952
1330062,R001,"1",2592
1380430,R001,"1",9605
1403939,R001,"2",9642
90716,R002,"2",5396
273081,R002,"2",3357
334428,R002,"2",4934
347758,R002,"1",1273
384775,R002,"1",3669
389227,R002,"1",6529
429197,R002,"2",3756
436530,R002,"1",9560
456409,R002,"2",2389
469620,R002,"2",5482
562048,R002,"2",2824
568577,R002,"1",2922
650123,R002,"2",3346
704844,R002,"2",9886
714629,R002,"1",1541
718108,R002,"2",2324
773262,R002,"2",9973
778396,R002,"1",7884
840260,R002,"2",5328
842648,R002,"2",2634
855344,R002,"2",3456
855510,R002,"1",8895
861138,R002,"1",9657
900267,R002,"1",2950
917665,R002,"1",3556
928913,R002,"2",6756
938978,R002,"2",5317
981242,R002,"1",7463
1023712,R002,"1",3495
1034555,R002,"1",8044
1044416,R002,"1",4750
1070394,R002,"1",1526
1078953,R002,"2",2066
1107630,R002,"2",6339
1153855,R002,"2",3564
1181512,R002,"1",8181
1195087,R002,"2",3052
1207603,R002,"1",4884
1215662,R002,"1",9271
1240006,R002,"2",3087
1297184,R002,"1",2135
1303234,R002,"2",9915
1330062,R002,"1",1153
1380430,R002,"2",1843
1403939,R002,"2",9461
90716,R003,"1",7755
273081,R003,"2",2818
334428,R003,"1",2900
347758,R003,"1",8908
384775,R003,"2",1239
389227,R003,"1",5912
429197,R003,"2",3156
436530,R003,"2",7253
456409,R003,"1",1328
469620,R003,"1",7718
562048,R003,"1",9630
568577,R003,"1",8406
650123,R003,"1",7822
704844,R003,"1",3684
714629,R003,"1",8196
718108,R003,"1",5727
773262,R003,"2",7964
778396,R003,"1",3022
840260,R003,"1",8598
842648,R003,"1",4317
855344,R003,"2",7311
855510,R003,"2",5465
861138,R003,"2",2474
900267,R003,"2",7520
917665,R003,"1",7793
928913,R003,"1",7588
938978,R003,"1",7229
981242,R003,"2",6737
1023712,R003,"1",1840
1034555,R003,"2",6361
1044416,R003,"1",9735
1070394,R003,"1",2830
1078953,R003,"1",9864
1107630,R003,"2",6964
1153855,R003,"1",1700
1181512,R003,"1",2479
1195087,R003,"1",2393
1207603,R003,"1",8910
1215662,R003,"1",4310
1240006,R003,"2",8715
1297184,R003,"1",1815
1303234,R003,"1",4949
1330062,R003,"2",9751
1380430,R003,"2",6882
1403939,R003,"1",9044
90716,R004,"1",9545
273081,R004,"1",7402
334428,R004,"2",1106
347758,R004,"1",1008
384775,R004,"1",2709
389227,R004,"2",1692
429197,R004,"1",2410
436530,R004,"2",9892
456409,R004,"1",6833
469620,R004,"1",1921
562048,R004,"2",3700
568577,R004,"2",9459
650123,R004,"1",5019
704844,R004,"2",7895
714629,R004,"2",4658
718108,R004,"2",2781
773262,R004,"1",4080
778396,R004,"2",2875
840260,R004,"2",5863
842648,R004,"2",1384
855344,R004,"1",9738
855510,R004,"1",5092
861138,R004,"2",7707
900267,R004,"2",7289
917665,R004,"2",7376
928913,R004,"2",9743
938978,R004,"2",3946
981242,R004,"1",2472
1023712,R004,"1",6067
1034555,R004,"1",9024
1044416,R004,"2",1543
1070394,R004,"1",1185
1078953,R004,"2",9740
1107630,R004,"1",8824
1153855,R004,"2",9173
1181512,R004,"1",6397
1195087,R004,"2",4238
1207603,R004,"2",4999
1215662,R004,"1",3269
1240006,R004,"1",5860
1297184,R004,"2",5325
1303234,R004,"1",9715
1330062,R004,"2",8463
1380430,R004,"1",7932
1403939,R004,"1",4732
209175,R001,"1",3934
300997,R001,"2",5373
366848,R001,"1",6630
376403,R001,"2",5046
405117,R001,"1",5050
437068,R001,"1",7276
440184,R001,"1",5547
484984,R001,"2",4817
509861,R001,"1",8472
554936,R001,"2",4157
566540,R001,"1",8387
631667,R001,"2",8439
643091,R001,"1",4408
659011,R001,"2",1640
755641,R001,"1",7498
813845,R001,"1",3441
813917,R001,"1",2340
841775,R001,"2",8380
852671,R001,"2",7753
859213,R001,"1",5547
864283,R001,"1",6046
892589,R001,"1",1065
896920,R001,"2",5566
913071,R001,"1",5513
995206,R001,"1",2875
1004454,R001,"2",4042
1007580,R001,"1",9898
1011062,R001,"1",2661
1034886,R001,"2",7910
1056568,R001,"1",3276
1066964,R001,"1",7493
1107050,R001,"2",8987
1121279,R001,"1",8507
1168312,R001,"1",3226
1171344,R001,"1",4488
1220603,R001,"2",5045
1272126,R001,"1",6397
1318867,R001,"2",5749
1328058,R001,"1",8984
1370946,R001,"1",1880
209175,R002,"2",4417
300997,R002,"1",3353
366848,R002,"2",4016
376403,R002,"2",7094
405117,R002,"1",9721
437068,R002,"2",3560
440184,R002,"2",6937
484984,R002,"2",3824
509861,R002,"1",1515
554936,R002,"1",8373
566540,R002,"2",2819
631667,R002,"2",5550
643091,R002,"2",2815
659011,R002,"1",2351
755641,R002,"2",7357
813845,R002,"1",6726
813917,R002,"1",9973
841775,R002,"1",2245
852671,R002,"2",1102
859213,R002,"1",8034
864283,R002,"2",7452
892589,R002,"1",8709
896920,R002,"1",1454
913071,R002,"1",1985
995206,R002,"1",3300
1004454,R002,"1",9927
1007580,R002,"2",3080
1011062,R002,"2",9861
1034886,R002,"2",5436
1056568,R002,"2",1085
1066964,R002,"1",1404
1107050,R002,"1",3610
1121279,R002,"1",3444
1168312,R002,"2",8310
1171344,R002,"1",4340
1220603,R002,"1",6514
1272126,R002,"2",2993
1318867,R002,"2",9496
1328058,R002,"2",6430
1370946,R002,"1",1637
209175,R003,"2",7835
300997,R003,"2",4148
366848,R003,"1",7957
376403,R003,"2",5163
405117,R003,"2",8959
437068,R003,"1",3537
440184,R003,"2",5788
484984,R003,"1",3063
509861,R003,"2",2847
554936,R003,"2",4411
566540,R003,"1",1799
631667,R003,"1",5458
643091,R003,"1",7022
659011,R003,"1",4290
755641,R003,"2",5500
813845,R003,"1",3481
813917,R003,"1",2685
841775,R003,"1",1814
852671,R003,"2",9179
859213,R003,"1",4749
864283,R003,"1",9691
892589,R003,"1",8126
896920,R003,"1",6573
913071,R003,"1",3367
995206,R003,"1",5875
1004454,R003,"2",9033
1007580,R003,"2",5878
1011062,R003,"1",8583
1034886,R003,"1",3834
1056568,R003,"1",6439
1066964,R003,"2",9717
1107050,R003,"2",7584
1121279,R003,"2",5680
1168312,R003,"1",3805
1171344,R003,"1",7927
1220603,R003,"2",3532
1272126,R003,"2",8063
1318867,R003,"2",8132
1328058,R003,"1",6778
1370946,R003,"2",3897
209175,R004,"2",6813
300997,R004,"1",6480
366848,R004,"2",2536
376403,R004,"1",8001
405117,R004,"2",6366
437068,R004,"1",2092
440184,R004,"1",3574
484984,R004,"2",5828
509861,R004,"1",7933
554936,R004,"1",1887
566540,R004,"1",7137
631667,R004,"1",4969
643091,R004,"1",6987
659011,R004,"2",8329
755641,R004,"1",3882
813845,R004,"2",6869
813917,R004,"1",4456
841775,R004,"1",2384
852671,R004,"1",4429
859213,R004,"2",5875
864283,R004,"2",5089
892589,R004,"2",3489
896920,R004,"2",7468
913071,R004,"2",2245
995206,R004,"1",2535
1004454,R004,"1",5049
1007580,R004,"1",1687
1011062,R004,"2",8148
1034886,R004,"1",9973
1056568,R004,"1",8119
1066964,R004,"1",9369
1107050,R004,"1",1437
1121279,R004,"2",2279
1168312,R004,"1",5379
1171344,R004,"1",7110
1220603,R004,"1",9388
1272126,R004,"1",2891
1318867,R004,"1",2812
1328058,R004,"2",8281
1370946,R004,"2",6223
239580,R001,"2",3618
246335,R001,"1",6084
283943,R001,"1",8571
312432,R001,"2",6780
330026,R001,"2",5134
401606,R001,"1",8510
419286,R001,"2",8269
424839,R001,"2",6468
531775,R001,"2",4104
537808,R001,"2",9486
611323,R001,"2",6133
678239,R001,"2",8450
699009,R001,"1",9455
701475,R001,"1",1341
703674,R001,"2",2091
708268,R001,"1",3650
712830,R001,"2",3186
762370,R001,"1",8475
818705,R001,"2",8563
825612,R001,"2",7420
889098,R001,"2",6955
895977,R001,"1",1499
902030,R001,"2",5646
916302,R001,"2",2366
947643,R001,"2",2462
977610,R001,"2",1602
1059945,R001,"2",9193
1061853,R001,"1",8102
1078817,R001,"1",9887
1140541,R001,"2",5083
1242587,R001,"1",1708
1250892,R001,"1",7173
1327827,R001,"1",6599
1328684,R001,"1",9386
1350894,R001,"2",3177
1369917,R001,"1",3463
1371560,R001,"1",8466
1400960,R001,"2",8006
1419572,R001,"1",9458
1428541,R001,"1",1011
239580,R002,"1",1797
246335,R002,"2",6978
283943,R002,"1",8301
312432,R002,"1",2688
330026,R002,"1",5688
401606,R002,"1",8437
419286,R002,"1",8631
424839,R002,"2",5724
531775,R002,"2",9584
537808,R002,"2",1493
611323,R002,"1",7104
678239,R002,"2",9496
699009,R002,"2",2117
701475,R002,"1",8936
703674,R002,"2",4953
708268,R002,"2",5037
712830,R002,"1",3021
762370,R002,"1",5641
818705,R002,"1",9206
825612,R002,"2",4042
889098,R002,"2",5667
895977,R002,"1",1256
902030,R002,"1",5329
916302,R002,"1",7212
947643,R002,"2",9942
977610,R002,"2",8173
1059945,R002,"1",4696
1061853,R002,"1",2373
1078817,R002,"2",1120
1140541,R002,"2",3820
1242587,R002,"2",3263
1250892,R002,"2",7150
1327827,R002,"2",3888
1328684,R002,"1",6246
1350894,R002,"2",7210
1369917,R002,"2",6317
1371560,R002,"1",2348
1400960,R002,"2",4095
1419572,R002,"2",8605
1428541,R002,"1",7112
239580,R003,"1",9312
246335,R003,"1",6127
283943,R003,"1",9301
312432,R003,"1",4191
330026,R003,"1",4086
401606,R003,"1",9253
419286,R003,"2",7063
424839,R003,"1",9606
531775,R003,"1",8248
537808,R003,"2",3162
611323,R003,"2",5487
678239,R003,"1",8269
699009,R003,"2",2004
701475,R003,"2",1827
703674,R003,"1",5340
708268,R003,"2",2524
712830,R003,"1",6009
762370,R003,"1",6913
818705,R003,"2",7966
825612,R003,"2",9126
889098,R003,"2",3854
895977,R003,"1",3549
902030,R003,"1",1397
916302,R003,"1",2470
947643,R003,"2",1798
977610,R003,"2",9476
1059945,R003,"2",9205
1061853,R003,"2",2874
1078817,R003,"2",7063
1140541,R003,"2",5230
1242587,R003,"2",3008
1250892,R003,"2",7268
1327827,R003,"2",3675
1328684,R003,"2",9838
1350894,R003,"1",3680
1369917,R003,"2",6771
1371560,R003,"2",5290
1400960,R003,"1",5779
1419572,R003,"2",3470
1428541,R003,"1",2953
239580,R004,"1",8075
246335,R004,"2",4077
283943,R004,"2",6589
312432,R004,"2",6173
330026,R004,"2",6025
401606,R004,"2",3561
419286,R004,"1",3438
424839,R004,"1",4496
531775,R004,"1",7549
537808,R004,"2",7649
611323,R004,"2",5486
678239,R004,"1",4895
699009,R004,"2",5017
701475,R004,"2",8710
703674,R004,"1",7648
708268,R004,"2",9033
712830,R004,"2",2986
762370,R004,"1",4588
818705,R004,"2",6601
825612,R004,"1",8810
889098,R004,"2",5865
895977,R004,"1",2147
902030,R004,"1",7125
916302,R004,"1",6800
947643,R004,"2",6084
977610,R004,"1",1234
1059945,R004,"2",4469
1061853,R004,"1",2391
1078817,R004,"1",7292
1140541,R004,"2",5674
1242587,R004,"1",3962
1250892,R004,"2",3586
1327827,R004,"1",8985
1328684,R004,"2",1043
1350894,R004,"1",2200
1369917,R004,"2",5864
1371560,R004,"1",7321
1400960,R004,"2",9465
1419572,R004,"1",6322
1428541,R004,"1",9328
21100,R001,"1",8045
135201,R001,"2",7042
140453,R001,"1",6890
155763,R001,"1",9222
225080,R001,"1",4456
248923,R001,"2",1538
260114,R001,"2",8759
266925,R001,"1",6968
275029,R001,"1",6565
340987,R001,"2",5227
343989,R001,"2",2749
372946,R001,"1",1690
432592,R001,"1",5087
466833,R001,"1",4650
505681,R001,"2",3718
566787,R001,"1",5025
568509,R001,"1",6784
617864,R001,"1",6199
639124,R001,"1",6558
646737,R001,"2",1781
661757,R001,"1",8985
669924,R001,"2",3047
673350,R001,"2",2646
676690,R001,"1",5548
710608,R001,"2",4425
721468,R001,"1",2312
789820,R001,"2",6196
856042,R001,"1",9525
859228,R001,"2",5571
889863,R001,"1",2406
892844,R001,"2",1811
903582,R001,"2",9403
925510,R001,"2",2047
935147,R001,"2",7097
944263,R001,"2",7955
989365,R001,"2",2598
992362,R001,"2",5870
1015939,R001,"2",3477
1032862,R001,"2",2761
1035486,R001,"1",6093
1042917,R001,"2",7805
1061603,R001,"1",3113
1068405,R001,"1",7265
1117546,R001,"2",9027
1121145,R001,"1",5466
1124021,R001,"2",3628
1128539,R001,"1",3708
1138615,R001,"1",7618
1156721,R001,"1",3122
1238729,R001,"1",5080
1245515,R001,"2",5075
1267153,R001,"1",2772
1274666,R001,"2",5801
1331609,R001,"2",2272
1351929,R001,"2",6467
1414603,R001,"1",2418
21100,R002,"2",1553
135201,R002,"1",1413
140453,R002,"1",4372
155763,R002,"2",9480
225080,R002,"1",8468
248923,R002,"1",3870
260114,R002,"1",7720
266925,R002,"1",4334
275029,R002,"2",1642
340987,R002,"1",1356
343989,R002,"2",5534
372946,R002,"1",5010
432592,R002,"2",5536
466833,R002,"1",7953
505681,R002,"2",7465
566787,R002,"1",8641
568509,R002,"1",5420
617864,R002,"1",8170
639124,R002,"2",4593
646737,R002,"1",8368
661757,R002,"1",1441
669924,R002,"2",4164
673350,R002,"1",2856
676690,R002,"1",7615
710608,R002,"2",6210
721468,R002,"2",1707
789820,R002,"2",9352
856042,R002,"2",4601
859228,R002,"2",3503
889863,R002,"2",2728
892844,R002,"2",5302
903582,R002,"1",4754
925510,R002,"2",9275
935147,R002,"2",6251
944263,R002,"1",8670
989365,R002,"1",4803
992362,R002,"1",6005
1015939,R002,"1",8836
1032862,R002,"1",8718
1035486,R002,"2",6069
1042917,R002,"2",3388
1061603,R002,"2",6766
1068405,R002,"1",7102
1117546,R002,"1",2167
1121145,R002,"1",2786
1124021,R002,"2",4025
1128539,R002,"2",1006
1138615,R002,"2",2726
1156721,R002,"1",7637
1238729,R002,"2",7866
1245515,R002,"2",7698
1267153,R002,"2",5774
1274666,R002,"1",1882
1331609,R002,"2",7683
1351929,R002,"1",8122
1414603,R002,"2",1814
21100,R003,"2",5062
135201,R003,"1",3611
140453,R003,"1",8709
155763,R003,"1",7723
225080,R003,"2",5369
248923,R003,"2",5390
260114,R003,"1",4592
266925,R003,"1",2857
275029,R003,"1",1592
340987,R003,"1",6731
343989,R003,"2",7957
372946,R003,"2",8600
432592,R003,"2",5914
466833,R003,"1",6641
505681,R003,"1",2417
566787,R003,"1",1458
568509,R003,"1",7801
617864,R003,"1",7500
639124,R003,"2",6492
646737,R003,"1",6698
661757,R003,"1",8159
669924,R003,"2",2099
673350,R003,"1",1117
676690,R003,"2",1477
710608,R003,"1",1495
721468,R003,"1",6353
789820,R003,"1",1353
856042,R003,"1",3336
859228,R003,"2",6920
889863,R003,"1",2452
892844,R003,"2",6332
903582,R003,"2",1020
925510,R003,"2",1947
935147,R003,"2",4866
944263,R003,"1",5625
989365,R003,"1",8420
992362,R003,"2",3647
1015939,R003,"2",1826
1032862,R003,"2",5095
1035486,R003,"2",1200
1042917,R003,"1",6481
1061603,R003,"2",9781
1068405,R003,"2",4217
1117546,R003,"1",2454
1121145,R003,"2",2164
1124021,R003,"1",1653
1128539,R003,"2",2455
1138615,R003,"2",8710
1156721,R003,"1",6168
1238729,R003,"1",3524
1245515,R003,"1",1248
1267153,R003,"1",6255
1274666,R003,"1",6113
1331609,R003,"2",8503
1351929,R003,"2",3298
1414603,R003,"2",5485
21100,R004,"2",5677
135201,R004,"2",7663
140453,R004,"2",7961
155763,R004,"2",6825
225080,R004,"1",2551
248923,R004,"1",4707
260114,R004,"1",3606
266925,R004,"2",6544
275029,R004,"2",7612
340987,R004,"1",3533
343989,R004,"2",9583
372946,R004,"2",1717
432592,R004,"2",4721
466833,R004,"1",7495
505681,R004,"1",2041
566787,R004,"2",3409
568509,R004,"1",8114
617864,R004,"2",7029
639124,R004,"2",7794
646737,R004,"1",4420
661757,R004,"1",3999
669924,R004,"1",6590
673350,R004,"1",7889
676690,R004,"1",6903
710608,R004,"2",8577
721468,R004,"1",9207
789820,R004,"1",1309
856042,R004,"2",2323
859228,R004,"1",5878
889863,R004,"2",3376
892844,R004,"2",1577
903582,R004,"1",7652
925510,R004,"1",1602
935147,R004,"1",6633
944263,R004,"1",5555
989365,R004,"1",2568
992362,R004,"2",3553
1015939,R004,"1",1121
1032862,R004,"2",6700
1035486,R004,"2",8297
1042917,R004,"2",3165
1061603,R004,"2",8116
1068405,R004,"1",8177
1117546,R004,"1",9125
1121145,R004,"2",5853
1124021,R004,"2",2134
1128539,R004,"1",6760
1138615,R004,"2",5138
1156721,R004,"1",2764
1238729,R004,"2",5177
1245515,R004,"1",2078
1267153,R004,"2",5865
1274666,R004,"1",2746
1331609,R004,"2",3819
1351929,R004,"2",9103
1414603,R004,"2",2448
130088,R001,"1",6149
213575,R001,"1",4731
282587,R001,"1",6889
312943,R001,"2",7144
361457,R001,"1",8504
383748,R001,"2",1253
425843,R001,"2",3774
479017,R001,"2",8458
508015,R001,"2",1544
536093,R001,"1",1301
567181,R001,"1",4257
631012,R001,"1",4425
779912,R001,"1",6450
801565,R001,"1",6060
822292,R001,"1",1340
860870,R001,"2",2609
862615,R001,"2",6249
871296,R001,"1",5130
871425,R001,"1",2090
874988,R001,"1",4190
957263,R001,"1",7401
984523,R001,"1",9004
1039551,R001,"2",1244
1062120,R001,"2",6948
1082908,R001,"1",2839
1124360,R001,"2",2192
1166923,R001,"1",2476
1176309,R001,"1",4124
1187815,R001,"1",8604
1197633,R001,"1",1174
1214606,R001,"1",5184
1259339,R001,"2",5210
1297526,R001,"2",3865
1298125,R001,"2",4339
1299495,R001,"1",2231
1348138,R001,"2",6063
1389669,R001,"2",8651
1402888,R001,"2",4774
1415416,R001,"2",1017
130088,R002,"1",7480
213575,R002,"1",2317
282587,R002,"2",3266
312943,R002,"2",2074
361457,R002,"2",9553
383748,R002,"1",9873
425843,R002,"1",5788
479017,R002,"2",9982
508015,R002,"2",5581
536093,R002,"2",3386
567181,R002,"1",6024
631012,R002,"2",3858
779912,R002,"2",9150
801565,R002,"2",5316
822292,R002,"2",4807
860870,R002,"1",1452
862615,R002,"2",3311
871296,R002,"2",4530
871425,R002,"1",8819
874988,R002,"2",6848
957263,R002,"1",3328
984523,R002,"2",2376
1039551,R002,"2",6047
1062120,R002,"2",8520
1082908,R002,"2",8720
1124360,R002,"1",8213
1166923,R002,"1",2547
1176309,R002,"2",3278
1187815,R002,"2",5828
1197633,R002,"2",4816
1214606,R002,"2",9229
1259339,R002,"1",7623
1297526,R002,"1",4871
1298125,R002,"2",8287
1299495,R002,"1",1705
1348138,R002,"2",6387
1389669,R002,"1",3249
1402888,R002,"1",3338
1415416,R002,"2",1967
130088,R003,"1",8231
213575,R003,"2",4503
282587,R003,"2",5644
312943,R003,"2",4726
361457,R003,"2",8435
383748,R003,"1",2018
425843,R003,"1",5508
479017,R003,"1",8540
508015,R003,"2",4959
536093,R003,"1",9342
567181,R003,"2",5763
631012,R003,"2",6347
779912,R003,"2",7091
801565,R003,"1",2161
822292,R003,"1",9441
860870,R003,"2",9943
862615,R003,"2",7876
871296,R003,"1",5682
871425,R003,"1",7994
874988,R003,"1",3830
957263,R003,"2",2156
984523,R003,"2",3034
1039551,R003,"1",4952
1062120,R003,"1",2743
1082908,R003,"2",1821
1124360,R003,"2",2258
1166923,R003,"2",8165
1176309,R003,"1",3810
1187815,R003,"2",7410
1197633,R003,"2",7722
1214606,R003,"1",4052
1259339,R003,"1",1717
1297526,R003,"1",5870
1298125,R003,"1",2937
1299495,R003,"2",5660
1348138,R003,"2",2958
1389669,R003,"1",6003
1402888,R003,"2",9172
1415416,R003,"2",2508
130088,R004,"1",8262
213575,R004,"1",8292
282587,R004,"2",1687
312943,R004,"1",2315
361457,R004,"2",3095
383748,R004,"2",5045
425843,R004,"1",7756
479017,R004,"2",7777
508015,R004,"1",2321
536093,R004,"1",9295
567181,R004,"2",9429
631012,R004,"1",4088
779912,R004,"1",8276
801565,R004,"2",2801
822292,R004,"2",3992
860870,R004,"2",6471
862615,R004,"1",5349
871296,R004,"2",9712
871425,R004,"1",4743
874988,R004,"2",6520
957263,R004,"2",4628
984523,R004,"2",9294
1039551,R004,"1",5437
1062120,R004,"1",4600
1082908,R004,"2",3461
1124360,R004,"2",2863
1166923,R004,"2",4805
1176309,R004,"1",3947
1187815,R004,"2",2151
1197633,R004,"1",3333
1214606,R004,"1",7583
1259339,R004,"1",5476
1297526,R004,"2",6049
1298125,R004,"2",2766
1299495,R004,"1",8529
1348138,R004,"1",5165
1389669,R004,"1",7819
1402888,R004,"1",5191
1415416,R004,"1",2770
99728,R001,"2",5239
198678,R001,"1",1631
302689,R001,"1",3904
312107,R001,"2",9991
330466,R001,"1",3784
362938,R001,"1",2542
401064,R001,"2",7496
501826,R001,"1",4060
548638,R001,"1",8523
605815,R001,"1",4036
633377,R001,"1",2430
634092,R001,"2",2182
638239,R001,"1",7824
651976,R001,"1",2453
673473,R001,"2",3796
683153,R001,"2",9249
684299,R001,"2",3067
689803,R001,"1",4340
750067,R001,"1",3058
770127,R001,"2",2678
777950,R001,"2",4618
783430,R001,"1",7560
799928,R001,"1",1227
805603,R001,"1",4265
832231,R001,"1",9860
848998,R001,"2",8263
858939,R001,"2",6023
862820,R001,"2",7035
891856,R001,"1",6424
929407,R001,"1",5554
950902,R001,"2",8872
962349,R001,"1",1680
1018855,R001,"2",2943
1032930,R001,"2",1749
1060297,R001,"1",3699
1080091,R001,"1",2143
1122318,R001,"2",3053
1124268,R001,"1",5048
1130161,R001,"1",4730
1130361,R001,"2",4705
1173915,R001,"2",6192
1174909,R001,"1",5465
1216025,R001,"1",4963
1220433,R001,"2",9997
1302518,R001,"2",8030
1397608,R001,"2",9064
1411759,R001,"1",5137
1418955,R001,"2",3166
99728,R002,"1",6554
198678,R002,"1",8906
302689,R002,"2",5210
312107,R002,"2",3765
330466,R002,"1",5628
362938,R002,"1",1968
401064,R002,"1",8161
501826,R002,"2",9621
548638,R002,"2",1346
605815,R002,"1",4103
633377,R002,"2",4002
634092,R002,"1",7340
638239,R002,"2",7507
651976,R002,"2",5294
673473,R002,"2",6098
683153,R002,"1",3560
684299,R002,"2",5922
689803,R002,"1",3666
750067,R002,"1",8852
770127,R002,"2",8965
777950,R002,"2",5711
783430,R002,"1",7120
799928,R002,"1",6873
805603,R002,"1",5422
832231,R002,"2",9094
848998,R002,"2",1025
858939,R002,"1",2354
862820,R002,"1",6842
891856,R002,"2",6835
929407,R002,"2",6111
950902,R002,"2",1672
962349,R002,"1",9107
1018855,R002,"2",6277
1032930,R002,"1",3152
1060297,R002,"2",2069
1080091,R002,"1",2865
1122318,R002,"1",8181
1124268,R002,"2",5849
1130161,R002,"1",8067
1130361,R002,"1",7175
1173915,R002,"1",8607
1174909,R002,"1",2209
1216025,R002,"2",6250
1220433,R002,"1",9432
1302518,R002,"1",2865
1397608,R002,"2",9638
1411759,R002,"2",3639
1418955,R002,"2",8124
99728,R003,"1",2487
198678,R003,"1",5921
302689,R003,"1",3716
312107,R003,"2",9954
330466,R003,"2",9543
362938,R003,"2",7808
401064,R003,"2",3907
501826,R003,"2",7100
548638,R003,"2",8807
605815,R003,"1",1955
633377,R003,"1",5584
634092,R003,"2",6949
638239,R003,"1",3408
651976,R003,"2",6747
673473,R003,"1",2569
683153,R003,"1",2724
684299,R003,"1",2763
689803,R003,"2",9356
750067,R003,"1",4132
770127,R003,"1",4013
777950,R003,"1",3072
783430,R003,"2",9807
799928,R003,"2",2882
805603,R003,"2",1561
832231,R003,"2",5935
848998,R003,"2",2162
858939,R003,"2",8526
862820,R003,"2",9103
891856,R003,"2",6783
929407,R003,"2",9715
950902,R003,"2",3251
962349,R003,"1",2816
1018855,R003,"2",1438
1032930,R003,"2",3809
1060297,R003,"1",7221
1080091,R003,"2",7186
1122318,R003,"2",3346
1124268,R003,"1",6645
1130161,R003,"1",3559
1130361,R003,"2",2256
1173915,R003,"1",7409
1174909,R003,"1",4156
1216025,R003,"1",4369
1220433,R003,"1",6650
1302518,R003,"2",3650
1397608,R003,"2",9435
1411759,R003,"1",5307
1418955,R003,"1",9651
99728,R004,"2",8723
198678,R004,"1",2796
302689,R004,"1",2675
312107,R004,"1",8342
330466,R004,"1",8338
362938,R004,"2",5912
401064,R004,"1",8482
501826,R004,"1",2873
548638,R004,"2",4535
605815,R004,"1",7683
633377,R004,"2",8765
634092,R004,"1",9128
638239,R004,"1",9623
651976,R004,"1",6866
673473,R004,"2",6714
683153,R004,"1",5886
684299,R004,"1",3446
689803,R004,"1",4541
750067,R004,"1",8661
770127,R004,"1",4316
777950,R004,"1",8280
783430,R004,"1",8312
799928,R004,"2",7724
805603,R004,"1",4307
832231,R004,"1",8878
848998,R004,"2",8513
858939,R004,"2",9003
862820,R004,"1",8404
891856,R004,"1",5682
929407,R004,"1",1472
950902,R004,"2",9692
962349,R004,"2",4748
1018855,R004,"1",9105
1032930,R004,"1",3558
1060297,R004,"1",4937
1080091,R004,"1",5317
1122318,R004,"1",9008
1124268,R004,"2",7623
1130161,R004,"2",9998
1130361,R004,"2",3350
1173915,R004,"2",1797
1174909,R004,"1",6863
1216025,R004,"1",7827
1220433,R004,"1",6588
1302518,R004,"2",2924
1397608,R004,"2",9984
1411759,R004,"1",9933
1418955,R004,"1",5333
1322668,R004,"1",7976
1331639,R004,"1",1066
1421997,R004,"2",5544
1256119,R004,"1",9200
1264854,R004,"1",2336
1265564,R004,"2",9857
1270532,R004,"1",3474
1281613,R004,"1",7345
1329604,R004,"1",6330
1335323,R004,"2",6042
1354327,R004,"1",4503
1359493,R004,"2",5950
1371992,R004,"1",9489
1399102,R004,"2",3980
847293,R004,"1",8187
870803,R004,"1",8532
882425,R004,"2",3516
884961,R004,"2",7938
889539,R004,"2",4223
892288,R004,"1",1897
899974,R004,"1",7500
962420,R004,"2",9378
973246,R004,"1",4736
1024872,R004,"1",4060
1039810,R004,"2",5226
1044566,R004,"2",4737
1051191,R004,"1",2598
1057184,R004,"2",7577
1090270,R004,"2",8518
1107526,R004,"2",4944
1115090,R004,"1",1215
1119539,R004,"2",2672
1130294,R004,"2",2600
1148843,R004,"1",5680
1149477,R004,"1",6688
1170893,R004,"2",7046
1205250,R004,"2",4060
1225994,R004,"1",4427
1230155,R004,"2",5511
1231843,R004,"2",3593
1234176,R004,"1",8967
1243145,R004,"1",2809
1275886,R004,"1",9421
1307280,R004,"2",9381
1330048,R004,"2",9695
1366537,R004,"2",2311
1410220,R004,"2",5741
1411587,R004,"1",9335
1422669,R004,"1",4868
1119277,R004,"2",3633
1133235,R004,"1",1994
1166570,R004,"2",1540
1211740,R004,"1",6416
1226515,R004,"2",4810
1227445,R004,"2",3238
1234380,R004,"2",9533
1265596,R004,"2",2056
1268933,R004,"2",4596
1274857,R004,"1",7756
1307155,R004,"2",2794
1331219,R004,"2",7391
1352480,R004,"2",5150
1358913,R004,"2",9896
1362631,R004,"2",7957
